latency_s,model,proxy,fraction,resources,per_resource_min,per_resource_median,per_resource_max
60,uniform,any,0.0013429240446939023,28,2.1197668256491786e-05,0.0014766832948651131,0.004240298374922298
60,uniform,breakdown,2.1721375571272176e-05,28,0.0,0.0,0.00018856065367693276
60,uniform,variant,0.00045614888699671574,28,0.0,0.0003451160845011504,0.001395882663137324
60,uniform_le8h,any,0.009673855921751162,20,0.003278688524590164,0.00961461421360468,0.25
60,uniform_le8h,breakdown,0.0001769607790564237,20,0.0,0.0,0.0009462976105985332
60,uniform_le8h,variant,0.002654411685846355,20,0.0,0.002008506616257089,0.006990990990990991
60,idle_start,any,0.13869793772745653,28,0.0,0.06565656565656566,0.2471264367816092
60,idle_start,breakdown,0.00606550748079256,28,0.0,0.0,0.05172413793103448
60,idle_start,variant,0.027496967246259604,28,0.0,0.005235602094240838,0.0514018691588785
300,uniform,any,0.0057963490711939805,28,0.00010598834128245893,0.007098007098007098,0.017427404315780125
300,uniform,breakdown,7.33096425530436e-05,28,0.0,0.0,0.0006353974121996303
300,uniform,variant,0.002099370948963456,28,0.0,0.001589625601338632,0.006452079865168075
300,uniform_le8h,any,0.03930138029407664,20,0.01639344262295082,0.03941991827577918,1.0
300,uniform_le8h,breakdown,0.0005362447850194657,20,0.0,0.0,0.002330343902266789
300,uniform_le8h,variant,0.01148100084726676,20,0.0,0.007728097153221355,0.031783783783783784
300,idle_start,any,0.20582288718156086,28,0.0,0.10747663551401869,0.5
300,idle_start,breakdown,0.007278608976951072,28,0.0,0.0,0.05747126436781609
300,idle_start,variant,0.04286291953093409,28,0.0,0.015706806282722512,0.07575757575757576
1800,uniform,any,0.029909248092863223,28,0.0006359300476947536,0.03777777777777778,0.08279420825631546
1800,uniform,breakdown,0.0003535153874224547,28,0.0,0.0,0.0031192236598890943
1800,uniform,variant,0.011447164926060438,28,0.0,0.00789813023855577,0.0359207138647338
1800,uniform_le8h,any,0.18772857433961454,20,0.09836065573770492,0.19496104989823848,1.0
1800,uniform_le8h,breakdown,0.0023648395019358437,20,0.0,0.0,0.011439870065673327
1800,uniform_le8h,variant,0.05753906543258867,20,0.0,0.03848276949767369,0.1630990990990991
1800,idle_start,any,0.3513950667205823,28,0.0,0.19327731092436976,0.5527638190954773
1800,idle_start,breakdown,0.009704811969268095,28,0.0,0.0,0.05747126436781609
1800,idle_start,variant,0.07885159725030327,28,0.0,0.031413612565445025,0.17647058823529413
3600,uniform,any,0.054279002380662765,28,0.0012718600953895071,0.07389162561576355,0.14248290560341
3600,uniform,breakdown,0.0005881062435921942,28,0.0,0.0,0.004493068987749839
3600,uniform,variant,0.02158616000834101,28,0.0,0.013862024500322373,0.06773649871268599
3600,uniform_le8h,any,0.3207548181593934,20,0.16393442622950818,0.3333333333333333,1.0
3600,uniform_le8h,breakdown,0.0035553029246790575,20,0.0,0.0,0.016029941388320035
3600,uniform_le8h,variant,0.10215999399405841,20,0.0,0.06906497876772695,0.28345945945945944
3600,idle_start,any,0.4257986251516377,28,0.0,0.2616822429906542,0.635
3600,idle_start,breakdown,0.011322280630812778,28,0.0,0.0,0.06321839080459771
3600,idle_start,variant,0.0978568540234533,28,0.0,0.045871559633027525,0.25252525252525254
