run,mode,inject,inject_offset_ms,publish_delay_ms,injection_window,gateway_released,gate_blocked,stale_publish,potential_stale_publish,post_release_invalidation,injection_version,check_version,version_order,stale_exact,stale_in_open_interval,position_vs_middleware,residual_lo_ms,residual_hi_ms,t_middleware_ms,store_io_lo_ms,store_io_hi_ms,injection_store_lo_ms,injection_store_hi_ms,commit_status,commit_age_ms,outcome,reason,validation_to_gate_ms,validation_to_publish_ms,recheck_to_publish_ms,t_validate_end_ms,t_injection_start_ms,t_injection_end_ms,t_recheck_start_ms,t_recheck_end_ms,t_publish_end_ms
0,xair_atomic,0,,0.0,control,1,0,0,0,0,,1332,control,0,0,,0.7580523379147053,2.270728349685669,9.248652961105108,6.977924611419439,8.490600623190403,,,committed,11.0009765625,EXECUTE,authorization_committed,4.481795243918896,4.499688278883696,0.01789303496479988,4.7620986588299274,,,4.771496634930372,9.243893902748823,9.261786937713623
1,xair_atomic,1,0.0,0.0,concurrent,0,1,0,0,0,1334,1334,before_check,0,0,,,,,12.923914939165115,14.122783206403255,10.43782290071249,11.495026294142008,changed,15.97998046875,REVOKE,read_set_version_changed_at_commit,10.158768855035305,,,4.771007224917412,4.890299867838621,16.682162880897522,4.994125105440617,14.929776079952717,
2,xair_atomic,1,0.0,0.0,concurrent,0,1,0,0,0,1336,1336,before_check,0,0,,,,,12.400664389133453,13.647362124174833,10.184869170188904,11.196416337043047,changed,15.48388671875,REVOKE,read_set_version_changed_at_commit,9.625909850001335,,,5.030343309044838,5.260194186121225,16.333950217813253,5.460750311613083,14.656253159046173,
3,xair_atomic,1,0.0,0.0,concurrent,1,0,0,0,1,1338,1337,after_check,0,0,after_middleware,0.8899089880287647,2.3396271280944347,9.489594958722591,7.149967830628157,8.599685970693827,11.235077865421772,12.466587126255035,committed,9.968017578125,EXECUTE,authorization_committed,4.9314480274915695,4.947558045387268,0.016110017895698547,4.554340150207281,4.642315208911896,16.90625213086605,4.747733008116484,9.48578817769885,9.50189819559455
4,xair_atomic,1,0.0,0.0,concurrent,0,1,0,0,0,1340,1340,before_check,0,0,,,,,12.20734091475606,13.75363115221262,9.839951992034912,10.932972189038992,changed,15.64208984375,REVOKE,read_set_version_changed_at_commit,10.010631754994392,,,4.545754287391901,4.691036883741617,15.84212714806199,4.87337913364172,14.556386042386293,
5,xair_atomic,1,0.0,0.0,concurrent,0,1,0,0,0,1342,1342,before_check,0,0,,,,,12.111170683056116,13.494324404746294,9.64119890704751,10.893797967582941,changed,15.805908203125,REVOKE,read_set_version_changed_at_commit,9.678779635578394,,,4.635422024875879,4.758532624691725,15.480458736419678,4.85611567273736,14.314201660454273,
6,xair_atomic,1,0.0,0.0,concurrent,1,0,0,0,1,1344,1343,after_check,0,0,after_middleware,1.0234001092612743,2.453120891004801,9.397292044013739,6.944171153008938,8.373891934752464,10.50497917458415,11.747489217668772,committed,10.321044921875,EXECUTE,authorization_committed,5.2534411661326885,5.2705430425703526,0.017101876437664032,4.140263888984919,4.304782021790743,16.50796504691243,4.529452882707119,9.393705055117607,9.410806931555271
7,xair_atomic,1,0.0,0.0,concurrent,1,0,0,0,1,1346,1345,after_check,0,0,after_middleware,0.9674541652202606,2.1191928535699844,9.106636047363281,6.987443193793297,8.13918188214302,10.712698101997375,11.954497080296278,committed,10.54296875,EXECUTE,authorization_committed,4.522580187767744,4.536827094852924,0.014246907085180283,4.581321030855179,4.703029058873653,16.375357285141945,4.806312266737223,9.103901218622923,9.118148125708103
8,xair_atomic,1,0.0,0.0,concurrent,1,0,0,0,1,1348,1347,after_check,0,0,after_middleware,1.0060770437121391,2.165761310607195,9.216673206537962,7.050911895930767,8.210596162825823,10.761288926005363,11.69587206095457,committed,10.344970703125,EXECUTE,authorization_committed,5.017819814383984,5.029120948165655,0.011301133781671524,4.196659196168184,4.363853018730879,15.983893070369959,4.599104169756174,9.214479010552168,9.22578014433384
9,xair_atomic,1,0.0,0.0,concurrent,0,1,0,0,0,1350,1350,before_check,0,0,,,,,12.099058367311954,13.682397082448006,9.636881295591593,10.73997002094984,changed,15.3740234375,REVOKE,read_set_version_changed_at_commit,9.695409797132015,,,5.047295242547989,5.202867090702057,15.87872626259923,5.390508100390434,14.742705039680004,
10,xair_atomic,1,0.0,0.0,concurrent,0,1,0,0,0,1352,1352,before_check,0,0,,,,,13.680363073945045,14.872788917273283,10.062539018690586,11.506366077810526,changed,16.952880859375,REVOKE,read_set_version_changed_at_commit,12.026522308588028,,,4.742061719298363,4.873909056186676,20.183117128908634,4.974157083779573,16.76858402788639,
11,xair_atomic,1,0.0,0.0,concurrent,1,0,0,0,1,1354,1353,after_check,0,0,after_middleware,1.1172853410243988,2.377759199589491,10.59103012084961,8.213270921260118,9.47374477982521,12.039505876600742,13.428980950266123,committed,12.074951171875,EXECUTE,authorization_committed,5.2917939610779285,5.307483021169901,0.01568906009197235,5.295359063893557,5.479564890265465,18.753355834633112,5.663679912686348,10.587153024971485,10.602842085063457
12,xair_atomic,1,0.0,0.0,concurrent,0,1,0,0,0,1356,1356,before_check,0,0,,,,,11.799306143075228,12.983085121959448,9.357526898384094,10.547908954322338,changed,15.40087890625,REVOKE,read_set_version_changed_at_commit,9.34077613055706,,,4.5502218417823315,4.6973577700555325,15.059710014611483,4.873207770287991,13.890997972339392,
13,xair_atomic,0,,0.0,control,1,0,0,0,0,,1357,control,0,0,,0.8976031094789505,2.4002501741051674,9.348108898848295,6.947858724743128,8.450505789369345,,,committed,11.175048828125,EXECUTE,authorization_committed,4.643116146326065,4.659207072108984,0.01609092578291893,4.702337551862001,,,4.707136657088995,9.345453698188066,9.361544623970985
14,xair_atomic,1,0.0,0.0,concurrent,1,0,0,0,1,1359,1358,after_check,0,0,after_middleware,0.8660042658448219,2.0908410660922527,9.68059292063117,7.5897518545389175,8.814588654786348,10.945795103907585,11.948435101658106,committed,10.77587890625,EXECUTE,authorization_committed,4.840014968067408,4.849182907491922,0.00916793942451477,4.838252905756235,5.001449026167393,16.79885108023882,5.231019109487534,9.678267873823643,9.687435813248158
15,xair_atomic,1,0.0,0.0,concurrent,1,0,0,0,1,1361,1360,after_check,0,0,after_middleware,0.8040480315685272,2.001313026994467,9.23413597047329,7.232822943478823,8.430087938904762,11.24564791098237,12.726103886961937,committed,11.028076171875,EXECUTE,authorization_committed,4.682790953665972,4.7028991393744946,0.020108185708522797,4.546706099063158,4.699292127043009,17.76358997449279,4.880060907453299,9.22949705272913,9.249605238437653
16,xair_atomic,1,0.0,0.0,concurrent,1,0,0,0,1,1363,1362,after_check,0,0,after_middleware,0.8040978573262691,2.2542267106473446,10.04784181714058,7.793615106493235,9.24374395981431,11.766594834625721,12.718059122562408,committed,11.7490234375,EXECUTE,authorization_committed,5.017348099499941,5.031564738601446,0.01421663910150528,5.026516038924456,5.192317068576813,17.797874752432108,5.372975021600723,10.043864138424397,10.058080777525902
17,xair_atomic,1,0.0,0.0,concurrent,0,1,0,0,0,1365,1365,before_check,0,0,,,,,12.391936965286732,13.753320090472698,9.778026025742292,10.941918008029461,changed,15.44189453125,REVOKE,read_set_version_changed_at_commit,9.859427809715271,,,4.683192353695631,4.807555116713047,15.87590016424656,4.925495944917202,14.542620163410902,
18,xair_atomic,1,0.0,0.0,concurrent,0,1,0,0,0,1367,1367,before_check,0,0,,,,,12.025228701531887,13.337410055100918,9.368376806378365,10.576492641121149,changed,15.35888671875,REVOKE,read_set_version_changed_at_commit,9.603878948837519,,,4.6886117197573185,4.800581838935614,15.606804750859737,4.953758791089058,14.292490668594837,
19,xair_atomic,0,,0.0,control,1,0,0,0,0,,1368,control,0,0,,0.9096558205783367,2.184445969760418,8.795372676104307,6.610926706343889,7.8857168555259705,,,committed,9.528076171875,EXECUTE,authorization_committed,4.471485037356615,4.4874451123178005,0.015960074961185455,4.320260602980852,,,4.326833877712488,8.791745640337467,8.807705715298653
20,xair_atomic,1,0.0,0.0,concurrent,0,1,0,0,0,1370,1370,before_check,0,0,,,,,10.644540656358004,11.69147389009595,9.388646110892296,10.599285829812288,changed,13.740966796875,REVOKE,read_set_version_changed_at_commit,8.06640600785613,,,4.598212894052267,4.740038886666298,16.40653470531106,4.929033108055592,12.664618901908398,
21,xair_atomic,1,0.0,0.0,concurrent,1,0,0,0,1,1372,1371,after_check,0,0,after_middleware,1.0360730811953545,2.28187907487154,9.594250936061144,7.312371861189604,8.55817785486579,10.80676494166255,11.83445192873478,committed,10.9541015625,EXECUTE,authorization_committed,5.15739107504487,5.1774089224636555,0.020017847418785095,4.432010930031538,4.680166952311993,16.500902827829123,4.891993943601847,9.589402005076408,9.609419852495193
22,xair_atomic,0,,0.0,control,1,0,0,0,0,,1373,control,0,0,,0.9455028921365738,2.215013839304447,8.852099999785423,6.637086160480976,7.9065971076488495,,,committed,9.68603515625,EXECUTE,authorization_committed,4.616566933691502,4.627306945621967,0.010740011930465698,4.232938401401043,,,4.239620175212622,8.849505335092545,8.86024534702301
23,xair_atomic,1,0.0,0.0,concurrent,1,0,0,0,1,1375,1374,after_check,0,0,after_middleware,0.8880249224603176,2.1740971133112907,9.831005241721869,7.656908128410578,8.942980319261551,11.502039153128862,12.855716980993748,committed,10.826904296875,EXECUTE,authorization_committed,5.007571075111628,5.027308128774166,0.01973705366253853,4.818886052817106,4.98961703851819,17.838801257312298,5.165045149624348,9.826457127928734,9.846194181591272
24,xair_atomic,0,,0.0,control,1,0,0,0,0,,1376,control,0,0,,0.819746870547533,1.9844109192490578,8.88343807309866,6.899027153849602,8.063691202551126,,,committed,9.9169921875,EXECUTE,authorization_committed,4.443963058292866,4.457439295947552,0.013476237654685974,4.435767885297537,,,4.441879224032164,8.879730943590403,8.893207181245089
25,xair_atomic,1,0.0,0.0,concurrent,0,1,0,0,0,1378,1378,before_check,0,0,,,,,11.954526882618666,12.88170600309968,9.431305807083845,10.585240088403225,changed,14.794921875,REVOKE,read_set_version_changed_at_commit,9.141532238572836,,,4.697578959167004,4.865684080868959,15.406310092657804,4.9721538089215755,13.83911119773984,
26,xair_atomic,0,,0.0,control,1,0,0,0,0,,1379,control,0,0,,0.9613018482923508,2.140312921255827,8.410491049289703,6.270178128033876,7.449189200997353,,,committed,9.945068359375,EXECUTE,authorization_committed,4.493495915085077,4.503193777054548,0.009697861969470978,3.914601169526577,,,3.9180172607302666,8.408097084611654,8.417794946581125
27,xair_atomic,1,0.0,0.0,concurrent,0,1,0,0,0,1381,1381,before_check,0,0,,,,,12.000111863017082,13.30637140199542,9.433139115571976,10.574890300631523,changed,15.513916015625,REVOKE,read_set_version_changed_at_commit,9.567150380462408,,,4.621876869350672,4.768340848386288,15.703757293522358,4.870102275162935,14.18902724981308,
28,xair_atomic,1,0.0,0.0,concurrent,0,1,0,0,0,1383,1383,before_check,0,0,,,,,12.412284966558218,13.719978276640177,9.810847230255604,10.868450161069632,changed,16.0830078125,REVOKE,read_set_version_changed_at_commit,9.810065850615501,,,4.815550055354834,4.96507016941905,16.132872086018324,5.139788147062063,14.625615905970335,
29,xair_atomic,1,0.0,0.0,concurrent,1,0,0,0,1,1385,1384,after_check,0,0,after_middleware,0.9227707050740719,2.249377779662609,9.194843005388975,6.945465225726366,8.272072300314903,10.488428175449371,11.790740303695202,committed,10.26611328125,EXECUTE,authorization_committed,4.62365010753274,4.638447891920805,0.014797784388065338,4.56706527620554,4.674937110394239,16.23203931376338,4.763553384691477,9.19071538373828,9.205513168126345
30,xair_atomic,0,,0.0,control,1,0,0,0,0,,1386,control,0,0,,0.7617482915520668,2.3922263644635677,8.949462324380875,6.557235959917307,8.187714032828808,,,committed,9.756103515625,EXECUTE,authorization_committed,4.64413920417428,4.661832004785538,0.017692800611257553,4.301405977457762,,,4.309431184083223,8.945545181632042,8.9632379822433
31,xair_atomic,0,,0.0,control,1,0,0,0,0,,1387,control,0,0,,0.5687461234629154,2.069380134344101,8.879701141268015,6.810321006923914,8.3109550178051,,,committed,10.10498046875,EXECUTE,authorization_committed,4.318688064813614,4.333637189120054,0.014949124306440353,4.55728592351079,,,4.563998896628618,8.875973988324404,8.890923112630844
32,xair_atomic,1,0.0,0.0,concurrent,1,0,0,0,1,1389,1388,after_check,0,0,after_middleware,1.1141588911414146,2.480762079358101,9.382964111864567,6.902202032506466,8.268805220723152,10.451457928866148,11.684310156852007,committed,9.77197265625,EXECUTE,authorization_committed,5.0767697393894196,5.087739787995815,0.010970048606395721,4.302568268030882,4.429987166076899,16.354487277567387,4.5329499989748,9.379338007420301,9.390308056026697
33,xair_atomic,0,,0.0,control,1,0,0,0,0,,1390,control,0,0,,0.9119901806116104,1.9819061271846294,8.51414492353797,6.53223879635334,7.602154742926359,,,committed,9.9609375,EXECUTE,authorization_committed,4.214532673358917,4.223660100251436,0.009127426892518997,4.297337960451841,,,4.301395732909441,8.511870633810759,8.520998060703278
34,xair_atomic,1,0.0,0.0,concurrent,0,1,0,0,0,1392,1392,before_check,0,0,,,,,10.110470000654459,11.628896929323673,9.005377069115639,10.0712557323277,changed,13.498046875,REVOKE,read_set_version_changed_at_commit,8.400622755289078,,,4.195537883788347,4.359906073659658,16.36650087311864,4.588143900036812,12.596160639077425,
35,xair_atomic,0,,0.0,control,1,0,0,0,0,,1393,control,0,0,,0.8838167414069176,2.0790090784430504,8.926419075578451,6.847409997135401,8.042602334171534,,,committed,10.0009765625,EXECUTE,authorization_committed,4.573605954647064,4.581842105835676,0.008236151188611984,4.350418224930763,,,4.354195203632116,8.924024179577827,8.93226033076644
36,xair_atomic,1,0.0,0.0,concurrent,1,0,0,0,1,1395,1394,after_check,0,0,after_middleware,0.9305449202656746,2.0825648680329323,9.089034050703049,7.006469182670116,8.158489130437374,10.65455935895443,11.804846115410328,committed,10.23193359375,EXECUTE,authorization_committed,4.594775848090649,4.6021300368011,0.007354188710451126,4.491993226110935,4.61536506190896,16.72129612416029,4.699903074651957,9.086769074201584,9.094123262912035
37,xair_atomic,1,0.0,0.0,concurrent,1,0,0,0,1,1397,1396,after_check,0,0,after_middleware,0.9662918746471405,2.1886839531362057,8.958898950368166,6.77021499723196,7.9926070757210255,10.383049957454205,11.554166208952665,committed,9.60400390625,EXECUTE,authorization_committed,4.439354408532381,4.448441322892904,0.009086914360523224,4.516759887337685,4.63325809687376,16.04509726166725,4.717946983873844,8.956114295870066,8.965201210230589
38,xair_atomic,1,0.0,0.0,concurrent,0,1,0,0,0,1399,1399,before_check,0,0,,,,,11.738291010260582,13.442256953567266,9.434050880372524,10.354998055845499,changed,15.72998046875,REVOKE,read_set_version_changed_at_commit,10.083968751132488,,,4.426761064678431,4.52006608247757,15.015818178653717,4.621786996722221,14.510729815810919,
39,xair_atomic,1,0.0,0.0,concurrent,0,1,0,0,0,1401,1401,before_check,0,0,,,,,11.589112225919962,13.249305076897144,10.384483262896538,11.550018098205328,changed,14.655029296875,REVOKE,read_set_version_changed_at_commit,9.060290176421404,,,4.945362918078899,5.1581221632659435,18.389133270829916,5.374939180910587,14.005653094500303,
40,xair_atomic,1,1.0,0.0,concurrent,1,0,0,0,1,1403,1402,after_check,0,0,after_middleware,0.802293885499239,2.0618359558284283,9.055079892277718,6.993243936449289,8.252786006778479,10.619292967021465,11.795138008892536,committed,10.14794921875,EXECUTE,authorization_committed,4.711784888058901,4.727854859083891,0.016069971024990082,4.340189043432474,5.586115177720785,16.4487948641181,4.539933055639267,9.051973931491375,9.068043902516365
41,xair_atomic,1,1.0,0.0,concurrent,1,0,0,0,1,1405,1404,after_check,0,0,after_middleware,0.9868401102721691,2.0847488194704056,9.518389124423265,7.43364030495286,8.531549014151096,11.043549049645662,12.248788960278034,committed,10.89111328125,EXECUTE,authorization_committed,4.736612085253,4.750959109514952,0.014347024261951447,4.778311122208834,6.00747624412179,17.058037221431732,4.969628993421793,9.514923207461834,9.529270231723785
42,xair_atomic,0,,0.0,control,1,0,0,0,0,,1406,control,0,0,,0.8291150443255901,1.77404610440135,8.37143836542964,6.59739226102829,7.54232332110405,,,committed,8.968994140625,EXECUTE,authorization_committed,3.8311039097607136,3.8383370265364647,0.007233116775751114,4.53794002532959,,,4.54260827973485,8.369043935090303,8.376277051866055
43,xair_atomic,1,1.0,0.0,concurrent,1,0,0,0,1,1408,1407,after_check,0,0,after_middleware,0.950212124735117,2.272991929203272,8.987924084067345,6.714932154864073,8.037711959332228,10.444434825330973,11.334935203194618,committed,9.903076171875,EXECUTE,authorization_committed,4.484178964048624,4.500429145991802,0.016250181943178177,4.499848000705242,5.643362179398537,15.921215061098337,4.590047057718039,8.984026964753866,9.000277146697044
44,xair_atomic,1,1.0,0.0,concurrent,1,0,0,0,1,1410,1409,after_check,0,0,after_middleware,1.0398998856544495,2.4994867853820324,9.157371707260609,6.657884921878576,8.11747182160616,10.408527683466673,11.499504093080759,committed,10.16796875,EXECUTE,authorization_committed,4.759595263749361,4.767289385199547,0.007694121450185776,4.395582713186741,5.5218348279595375,16.30127802491188,4.468739964067936,9.155177976936102,9.162872098386288
45,xair_atomic,1,1.0,0.0,concurrent,1,0,0,0,1,1412,1411,after_check,0,0,after_middleware,0.8782669901847839,1.821294892579317,8.096021134406328,6.274726241827011,7.217754144221544,9.36499098315835,10.523874312639236,committed,9.23388671875,EXECUTE,authorization_committed,3.9969850331544876,4.004077985882759,0.007092952728271484,4.096722230315208,5.224557127803564,15.273570083081722,4.170028958469629,8.093707263469696,8.100800216197968
46,xair_atomic,1,1.0,0.0,concurrent,1,0,0,0,1,1414,1413,after_check,0,0,after_middleware,1.0516922920942307,2.322235144674778,8.858812041580677,6.536576896905899,7.807119749486446,10.377028957009315,11.376442853361368,committed,9.509033203125,EXECUTE,authorization_committed,4.501671064645052,4.508483689278364,0.006812624633312225,4.3548960238695145,5.487880669534206,16.187363769859076,4.431198816746473,8.856567088514566,8.863379713147879
47,xair_atomic,1,1.0,0.0,concurrent,1,0,0,0,1,1416,1415,after_check,0,0,after_middleware,0.7682302966713905,2.182061318308115,8.909285999834538,6.7272246815264225,8.141055703163147,10.422844905406237,11.510573793202639,committed,10.093994140625,EXECUTE,authorization_committed,4.493005108088255,4.502253141254187,0.009248033165931702,4.4136857613921165,5.631379783153534,16.577595844864845,4.589134827256203,8.906690869480371,8.915938902646303
48,xair_atomic,0,,0.0,control,1,0,0,0,0,,1417,control,0,0,,0.788537785410881,2.1646590903401375,8.92756087705493,6.762901786714792,8.139023091644049,,,committed,10.18408203125,EXECUTE,authorization_committed,4.4902898371219635,4.50068898499012,0.010399147868156433,4.433333873748779,,,4.437881987541914,8.923623710870743,8.9340228587389
49,xair_atomic,1,1.0,0.0,concurrent,1,0,0,0,1,1419,1418,after_check,0,0,after_middleware,0.9672441519796848,2.4347063153982162,9.658622089773417,7.2239157743752,8.691377937793732,11.112216860055923,12.363563757389784,committed,10.447998046875,EXECUTE,authorization_committed,4.925166256725788,4.940735176205635,0.015568919479846954,4.7294278629124165,5.992637015879154,17.319807782769203,4.953688941895962,9.654594119638205,9.670163039118052
50,xair_atomic,1,1.0,0.0,concurrent,1,0,0,0,1,1421,1420,after_check,0,0,after_middleware,0.9172898717224598,2.2965059615671635,10.01274585723877,7.716239895671606,9.09545598551631,11.86999911442399,13.095255941152573,committed,11.087890625,EXECUTE,authorization_committed,4.701385740190744,4.710723180323839,0.009337440133094788,5.308595020323992,6.5464358776807785,18.504910171031952,5.501696839928627,10.009980760514736,10.019318200647831
51,xair_atomic,1,1.0,0.0,concurrent,1,0,0,0,1,1423,1422,after_check,0,0,after_middleware,0.9555108845233917,1.921032089740038,9.10055497661233,7.179522886872292,8.145044092088938,10.704061947762966,11.962001211941242,committed,10.968994140625,EXECUTE,authorization_committed,4.454773850739002,4.4726780615746975,0.017904210835695267,4.641273058950901,5.751585122197866,16.49577310308814,4.7505078837275505,9.096046909689903,9.113951120525599
52,xair_atomic,1,1.0,0.0,concurrent,1,0,0,0,1,1425,1424,after_check,0,0,after_middleware,0.9349538013339043,2.1802387200295925,9.008111897855997,6.827873177826405,8.073158096522093,10.565381962805986,11.824923567473888,committed,10.089111328125,EXECUTE,authorization_committed,4.407905973494053,4.418485797941685,0.010579824447631836,4.597781226038933,5.740012973546982,16.32819790393114,4.691606853157282,9.005687199532986,9.016267023980618
53,xair_atomic,1,1.0,0.0,concurrent,1,0,0,0,1,1427,1426,after_check,0,0,after_middleware,1.0556499473750591,2.151214051991701,8.652185089886189,6.500971037894487,7.596535142511129,10.504098143428564,11.828470975160599,committed,9.8720703125,EXECUTE,authorization_committed,4.369073081761599,4.378731362521648,0.00965828076004982,4.280606750398874,5.434371065348387,16.329851932823658,4.376126918941736,8.649679832160473,8.659338112920523
54,xair_atomic,1,1.0,0.0,concurrent,1,0,0,0,1,1429,1428,after_check,0,0,after_middleware,1.0248222388327122,2.573627047240734,9.615271352231503,7.041644304990768,8.59044911339879,11.11241802573204,12.454094365239143,committed,10.02099609375,EXECUTE,authorization_committed,5.083322059363127,5.093221087008715,0.009899027645587921,4.52900305390358,5.6801410391926765,17.234879080206156,4.626024980098009,9.612325113266706,9.622224140912294
55,xair_atomic,1,1.0,0.0,concurrent,1,0,0,0,1,1431,1430,after_check,0,0,after_middleware,1.0598679073154926,2.18098983168602,9.481048677116632,7.300058845430613,8.42118076980114,10.651112999767065,11.89588662236929,committed,10.18603515625,EXECUTE,authorization_committed,4.499306902289391,4.5205471105873585,0.02124020829796791,4.976621828973293,6.243176758289337,18.12824374064803,5.203957669436932,9.475928731262684,9.497168939560652
56,xair_atomic,0,,0.0,control,1,0,0,0,0,,1432,control,0,0,,0.6373049691319466,2.1946150809526443,9.035804308950901,6.841189227998257,8.398499339818954,,,committed,10.9560546875,EXECUTE,authorization_committed,4.576282110065222,4.591450095176697,0.01516798511147499,4.455916117876768,,,4.4630602933466434,9.03219822794199,9.047366213053465
57,xair_atomic,0,,0.0,control,1,0,0,0,0,,1433,control,0,0,,0.8422490209341049,2.037991303950548,8.982905186712742,6.944913882762194,8.140656165778637,,,committed,10.65087890625,EXECUTE,authorization_committed,4.067918285727501,4.077055025845766,0.009136740118265152,4.912742879241705,,,4.918002989143133,8.980661164969206,8.989797905087471
58,xair_atomic,0,,0.0,control,1,0,0,0,0,,1434,control,0,0,,1.0003354400396347,2.2970768623054028,8.948228787630796,6.651151925325394,7.947893347591162,,,committed,10.014892578125,EXECUTE,authorization_committed,4.507292062044144,4.514445085078478,0.007153023034334183,4.438582807779312,,,4.442188888788223,8.945874869823456,8.95302789285779
59,xair_atomic,1,1.0,0.0,concurrent,1,0,0,0,1,1436,1435,after_check,0,0,after_middleware,0.8687390945851803,2.1802191622555256,8.50737327709794,6.327154114842415,7.63863418251276,10.526128113269806,11.683238204568624,committed,8.8779296875,EXECUTE,authorization_committed,4.269776865839958,4.276789724826813,0.007012858986854553,4.2351712472736835,5.384627263993025,16.395404003560543,4.331061150878668,8.504948113113642,8.511960972100496
60,xair_atomic,1,1.0,0.0,concurrent,1,0,0,0,1,1438,1437,after_check,0,0,after_middleware,1.092428807169199,2.4713538587093353,9.681103751063347,7.2097498923540115,8.588674943894148,11.459999717772007,12.680057901889086,committed,10.572021484375,EXECUTE,authorization_committed,4.910427611321211,4.928080830723047,0.017653219401836395,4.766588099300861,6.084049120545387,17.309247981756926,5.045371130108833,9.677015710622072,9.694668930023909
61,xair_atomic,0,,0.0,control,1,0,0,0,0,,1439,control,0,0,,0.8576191030442715,2.1790359169244766,9.283388964831829,7.1043530479073524,8.425769861787558,,,committed,10.419921875,EXECUTE,authorization_committed,4.559380002319813,4.572122823446989,0.012742821127176285,4.719770979136229,,,4.725892096757889,9.279150981456041,9.291893802583218
62,xair_atomic,1,1.0,0.0,concurrent,1,0,0,0,1,1441,1440,after_check,0,0,after_middleware,0.788539182394743,2.1137939766049385,8.954692166298628,6.840898189693689,8.166152983903885,11.010536924004555,12.140326201915741,committed,10.408935546875,EXECUTE,authorization_committed,4.72010113298893,4.729859065264463,0.009757932275533676,4.231966100633144,5.457473918795586,17.33844308182597,4.41782409325242,8.952067233622074,8.961825165897608
63,xair_atomic,1,1.0,0.0,concurrent,1,0,0,0,1,1443,1442,after_check,0,0,after_middleware,0.9753899648785591,2.2861980833113194,8.81370808929205,6.52751000598073,7.83831812441349,10.309793055057526,11.472584214061499,committed,9.76708984375,EXECUTE,authorization_committed,4.790103062987328,4.807766061276197,0.017662998288869858,4.019356798380613,5.282646045088768,15.961050055921078,4.243568051606417,8.809459861367941,8.82712285965681
64,xair_atomic,1,1.0,0.0,concurrent,1,0,0,0,1,1445,1444,after_check,0,0,after_middleware,0.7988279685378075,1.9655060023069382,9.052284993231297,7.086778990924358,8.253457024693489,10.81085205078125,12.050346937030554,committed,10.694091796875,EXECUTE,authorization_committed,4.44813072681427,4.460785072296858,0.012654345482587814,4.600165877491236,5.746825598180294,17.000979743897915,4.690284840762615,9.048296604305506,9.060950949788094
65,xair_atomic,1,1.0,0.0,concurrent,1,0,0,0,1,1447,1446,after_check,0,0,after_middleware,0.9025321342051029,2.178806345909834,8.926519192755222,6.747712846845388,8.02398705855012,10.337674990296364,11.362927965819836,committed,10.59912109375,EXECUTE,authorization_committed,4.329167772084475,4.342041909694672,0.012874137610197067,4.593434277921915,5.774417892098427,15.406540129333735,4.71479119732976,8.92260205000639,8.935476187616587
66,xair_atomic,0,,0.0,control,1,0,0,0,0,,1448,control,0,0,,0.7862439379096031,1.9032186828553677,8.651252835988998,6.748034153133631,7.865008898079395,,,committed,9.466064453125,EXECUTE,authorization_committed,3.856432158499956,3.8656690157949924,0.009236857295036316,4.792316816747189,,,4.796925932168961,8.648748975247145,8.657985832542181
67,xair_atomic,1,1.0,0.0,concurrent,1,0,0,0,1,1450,1449,after_check,0,0,after_middleware,0.8980939164757729,2.1783742122352123,10.104326996952295,7.925952784717083,9.206233080476522,11.783896945416927,13.058316428214312,committed,11.4189453125,EXECUTE,authorization_committed,5.003111902624369,5.010245833545923,0.007133930921554565,5.098940804600716,6.276499014347792,17.89369387552142,5.218935664743185,10.102052707225084,10.109186638146639
68,xair_atomic,0,,0.0,control,1,0,0,0,0,,1451,control,0,0,,0.9754588827490807,2.0664450712502003,8.754055947065353,6.687610875815153,7.778597064316273,,,committed,10.577880859375,EXECUTE,authorization_committed,4.084839951246977,4.0937671437859535,0.00892719253897667,4.666770808398724,,,4.670117981731892,8.7516107596457,8.760537952184677
69,xair_atomic,0,,0.0,control,1,0,0,0,0,,1452,control,0,0,,0.844733789563179,2.3144297301769257,9.521264117211103,7.206834387034178,8.676530327647924,,,committed,10.407958984375,EXECUTE,authorization_committed,4.473288077861071,4.480832722038031,0.0075446441769599915,5.0457012839615345,,,5.0490680150687695,9.518989361822605,9.526534005999565
70,xair_atomic,0,,0.0,control,1,0,0,0,0,,1453,control,0,0,,0.8813631720840931,2.3254910483956337,9.019433986395597,6.693942937999964,8.138070814311504,,,committed,10.2919921875,EXECUTE,authorization_committed,4.128060769289732,4.135885741561651,0.00782497227191925,4.889048170298338,,,4.892575088888407,9.01710893958807,9.02493391185999
71,xair_atomic,1,1.0,0.0,concurrent,1,0,0,0,1,1455,1454,after_check,0,0,after_middleware,1.043266151100397,2.359745092689991,9.87961608916521,7.51987099647522,8.836349938064814,11.422479059547186,12.73351814597845,committed,11.14111328125,EXECUTE,authorization_committed,4.742252640426159,4.752492066472769,0.010239426046609879,5.13464817777276,6.374473217874765,17.743542790412903,5.335004068911076,9.87690081819892,9.88714024424553
72,xair_atomic,1,1.0,0.0,concurrent,1,0,0,0,1,1457,1456,after_check,0,0,after_middleware,0.9003989398479462,2.2980389185249805,8.986621629446745,6.688582710921764,8.086222689598799,10.538330767303705,11.909432709217072,committed,10.387939453125,EXECUTE,authorization_committed,4.59589809179306,4.61048586294055,0.014587771147489548,4.386705812066793,5.536501761525869,16.569941770285368,4.479198716580868,8.982603903859854,8.997191675007343
73,xair_atomic,1,1.0,0.0,concurrent,1,0,0,0,1,1459,1458,after_check,0,0,after_middleware,0.7858932949602604,2.0177229307591915,9.049138985574245,7.031416054815054,8.263245690613985,10.962015949189663,12.0188076980412,committed,10.2470703125,EXECUTE,authorization_committed,4.360546823590994,4.368411842733622,0.007865019142627716,4.6857669949531555,5.8183507062494755,16.261063050478697,4.761207848787308,9.04631381854415,9.054178837686777
74,xair_atomic,1,1.0,0.0,concurrent,1,0,0,0,1,1461,1460,after_check,0,0,after_middleware,0.9554713033139706,2.0129242911934853,8.863430004566908,6.850505713373423,7.907958701252937,10.189396794885397,11.499864049255848,committed,9.81201171875,EXECUTE,authorization_committed,4.437121096998453,4.44468529894948,0.0075642019510269165,4.423273727297783,5.5537838488817215,16.3381970487535,4.499115981161594,8.860394824296236,8.867959026247263
75,xair_atomic,1,1.0,0.0,concurrent,1,0,0,0,1,1463,1462,after_check,0,0,after_middleware,1.0216357186436653,2.3254607804119587,9.098781738430262,6.773320958018303,8.077146019786596,10.74399659410119,11.681163683533669,committed,10.010009765625,EXECUTE,authorization_committed,4.595838021486998,4.603192210197449,0.007354188710451126,4.500779788941145,5.632130894809961,16.622399911284447,4.57672169432044,9.096617810428143,9.103971999138594
76,xair_atomic,1,1.0,0.0,concurrent,1,0,0,0,1,1465,1464,after_check,0,0,after_middleware,0.8695507422089577,1.8004858866333961,9.043277706950903,7.242791820317507,8.173726964741945,10.358253959566355,11.694539804011583,committed,10.427978515625,EXECUTE,authorization_committed,4.202781245112419,4.218551330268383,0.015770085155963898,4.836528562009335,6.0738795436918736,16.65751589462161,5.03100361675024,9.039309807121754,9.055079892277718
77,xair_atomic,1,1.0,0.0,concurrent,1,0,0,0,1,1467,1466,after_check,0,0,after_middleware,0.9146151132881641,2.2053648717701435,9.359050076454878,7.153685204684734,8.444434963166714,10.827424004673958,12.164661195129156,committed,10.30908203125,EXECUTE,authorization_committed,4.684744868427515,4.696397110819817,0.01165224239230156,4.670869093388319,5.8028013445436954,16.471377108246088,4.748274106532335,9.355613961815834,9.367266204208136
78,xair_atomic,1,1.0,0.0,concurrent,1,0,0,0,1,1469,1468,after_check,0,0,after_middleware,0.9911078959703445,2.222837880253792,10.00413903966546,7.781301159411669,9.013031143695116,11.348911095410585,12.651694007217884,committed,11.614013671875,EXECUTE,authorization_committed,4.857819993048906,4.874702077358961,0.01688208431005478,5.142281763255596,6.353423930704594,17.45196571573615,5.297724157571793,10.000101756304502,10.016983840614557
79,xair_atomic,1,1.0,0.0,concurrent,1,0,0,0,1,1471,1470,after_check,0,0,after_middleware,1.048124860972166,2.338545396924019,9.573551826179028,7.235006429255009,8.525426965206861,10.758062824606895,11.868806090205908,committed,11.27001953125,EXECUTE,authorization_committed,4.8214709386229515,4.831700120121241,0.010229181498289108,4.749455954879522,5.999148823320866,16.531249042600393,4.957275930792093,9.570926893502474,9.581156075000763
80,xair_atomic,1,2.0,0.0,concurrent,1,0,0,0,1,1473,1472,after_check,0,0,after_middleware,0.8613062091171741,1.9850730895996094,9.457555133849382,7.472482044249773,8.596248924732208,11.637201998382807,12.844506185501814,committed,10.89111328125,EXECUTE,authorization_committed,4.555872641503811,4.565851762890816,0.009979121387004852,4.8989662900567055,7.13384710252285,17.52186706289649,5.094303283840418,9.454838931560516,9.464818052947521
81,xair_atomic,1,2.0,0.0,concurrent,1,0,0,0,1,1475,1474,after_check,0,0,after_middleware,0.9825229644775391,2.3667579516768456,9.410055819898844,7.043297868221998,8.427532855421305,11.286254040896893,12.67880480736494,committed,10.8369140625,EXECUTE,authorization_committed,4.701525904238224,4.711824934929609,0.01029903069138527,4.706034902483225,6.914926692843437,17.95852603390813,4.874760750681162,9.407560806721449,9.417859837412834
82,xair_atomic,0,,0.0,control,1,0,0,0,0,,1476,control,0,0,,1.0312232188880444,2.199755050241947,9.269190952181816,7.069435901939869,8.237967733293772,,,committed,10.632080078125,EXECUTE,authorization_committed,4.321714397519827,4.329879302531481,0.0081649050116539,4.94522275403142,,,4.948840010911226,9.266937151551247,9.2751020565629
83,xair_atomic,1,2.0,0.0,concurrent,1,0,0,0,1,1478,1477,after_check,0,0,after_middleware,0.9735259227454662,2.1918299607932568,9.146912023425102,6.9550820626318455,8.173386100679636,11.670012958347797,12.739058118313551,committed,10.89697265625,EXECUTE,authorization_committed,4.63476125150919,4.64320695027709,0.008445698767900467,4.509545862674713,6.741510704159737,17.6094607450068,4.703839775174856,9.144307114183903,9.152752812951803
84,xair_atomic,1,2.0,0.0,concurrent,1,0,0,0,1,1480,1479,after_check,0,0,after_middleware,0.951794907450676,2.339337021112442,9.279099758714437,6.9397627376019955,8.327304851263762,11.122838128358126,12.47120602056384,committed,10.5439453125,EXECUTE,authorization_committed,4.984285682439804,4.9943746998906136,0.010089017450809479,4.2921691201627254,6.535936146974564,16.896002925932407,4.497403744608164,9.27645480260253,9.286543820053339
85,xair_atomic,1,2.0,0.0,concurrent,1,0,0,0,1,1482,1481,after_check,0,0,after_middleware,0.75505580753088,2.0201890729367733,8.854735177010298,6.8345461040735245,8.099679369479418,11.239056009799242,12.582194060087204,committed,10.48291015625,EXECUTE,authorization_committed,4.20702900737524,4.223940894007683,0.016911886632442474,4.6433270908892155,6.797377020120621,17.67249032855034,4.747302271425724,8.850356098264456,8.867267984896898
86,xair_atomic,0,,0.0,control,1,0,0,0,0,,1483,control,0,0,,0.7945401594042778,2.0519280806183815,8.785545360296965,6.733617279678583,7.991005200892687,,,committed,9.909912109375,EXECUTE,authorization_committed,4.531477112323046,4.539421759545803,0.00794464722275734,4.251633305102587,,,4.256181418895721,8.783110417425632,8.79105506464839
87,xair_atomic,1,2.0,0.0,concurrent,1,0,0,0,1,1485,1484,after_check,0,0,after_middleware,0.7787900976836681,2.1639480255544186,8.982424158602953,6.818476133048534,8.203634060919285,11.072473134845495,12.321515008807182,committed,10.2958984375,EXECUTE,authorization_committed,4.549109842628241,4.556383937597275,0.007274094969034195,4.430909175425768,6.565321236848831,17.07143196836114,4.510147031396627,8.980019018054008,8.987293113023043
88,xair_atomic,1,2.0,0.0,concurrent,1,0,0,0,1,1487,1486,after_check,0,0,after_middleware,1.013921108096838,2.4557849392294884,9.224907960742712,6.769123021513224,8.210986852645874,11.422879993915558,12.575550936162472,committed,10.823974609375,EXECUTE,authorization_committed,4.69141686335206,4.6992008574306965,0.007783994078636169,4.531207028776407,6.733596790581942,17.259234096854925,4.684834741055965,9.222623892128468,9.230407886207104
89,xair_atomic,0,,0.0,control,1,0,0,0,0,,1488,control,0,0,,0.8135153912007809,2.1506831981241703,8.335220161825418,6.184536963701248,7.521704770624638,,,committed,8.988037109375,EXECUTE,authorization_committed,4.1222600266337395,4.129053093492985,0.0067930668592453,4.210815764963627,,,4.214282147586346,8.333075791597366,8.339868858456612
90,xair_atomic,0,,0.0,control,1,0,0,0,0,,1489,control,0,0,,0.9993440471589565,2.347902860492468,9.156681131571531,6.808778271079063,8.157337084412575,,,committed,10.110107421875,EXECUTE,authorization_committed,4.5493002980947495,4.556103143841028,0.006802845746278763,4.605046007782221,,,4.608352202922106,9.15434630587697,9.161149151623249
91,xair_atomic,1,2.0,0.0,concurrent,1,0,0,0,1,1491,1490,after_check,0,0,after_middleware,0.9997952729463577,2.28718901053071,9.04848799109459,6.761298980563879,8.048692718148232,11.747498996555805,12.732415925711393,committed,9.386962890625,EXECUTE,authorization_committed,4.353153053671122,4.367890767753124,0.01473771408200264,4.6919179148972034,6.906009744852781,17.440835013985634,4.859592765569687,9.045070968568325,9.059808682650328
92,xair_atomic,1,2.0,0.0,concurrent,1,0,0,0,1,1493,1492,after_check,0,0,after_middleware,0.9464952163398266,2.1334299817681313,8.505990263074636,6.372560281306505,7.55949504673481,11.01991394534707,12.319842353463173,committed,9.81005859375,EXECUTE,authorization_committed,4.299522843211889,4.306715913116932,0.007193069905042648,4.20412328094244,6.380103994160891,16.71268930658698,4.315853118896484,8.50364612415433,8.510839194059372
93,xair_atomic,1,2.0,0.0,concurrent,1,0,0,0,1,1495,1494,after_check,0,0,after_middleware,0.8723149076104164,2.24779499694705,8.664628025144339,6.4168330281972885,7.792313117533922,11.314237024635077,12.409310322254896,committed,9.8701171875,EXECUTE,authorization_committed,4.371937830001116,4.383169114589691,0.011231284588575363,4.289023112505674,6.4814742654562,16.746634151786566,4.432592075318098,8.66096094250679,8.672192227095366
94,xair_atomic,1,2.0,0.0,concurrent,1,0,0,0,1,1497,1496,after_check,0,0,after_middleware,0.9736660867929459,2.1521560847759247,9.017790202051401,6.8656341172754765,8.044124115258455,11.228966061025858,12.506101280450821,committed,10.10595703125,EXECUTE,authorization_committed,4.426861181855202,4.438042175024748,0.011180993169546127,4.587431903928518,6.744998041540384,17.49018719419837,4.690404981374741,9.01429308578372,9.025474078953266
95,xair_atomic,1,2.0,0.0,concurrent,1,0,0,0,1,1499,1498,after_check,0,0,after_middleware,0.8185449987649918,2.0959600806236267,8.6281793192029,6.532219238579273,7.809634320437908,10.83953632041812,11.82188792154193,committed,9.722900390625,EXECUTE,authorization_committed,4.229250829666853,4.243697971105576,0.01444714143872261,4.3966942466795444,6.5412260591983795,16.5967820212245,4.4876751489937305,8.625945076346397,8.64039221778512
96,xair_atomic,1,2.0,0.0,concurrent,1,0,0,0,1,1501,1500,after_check,0,0,after_middleware,1.0504298843443394,2.25832499563694,9.087570942938328,6.829245947301388,8.037141058593988,11.291935108602047,12.48483220115304,committed,9.98388671875,EXECUTE,authorization_committed,4.6042343601584435,4.613200202584267,0.008965842425823212,4.480381961911917,6.671010050922632,17.429454252123833,4.680467303842306,9.08461632207036,9.093582164496183
97,xair_atomic,1,2.0,0.0,concurrent,1,0,0,0,1,1503,1502,after_check,0,0,after_middleware,0.8841380476951599,1.9942601211369038,8.999415673315525,7.005155552178621,8.115277625620365,11.249254923313856,12.171533890068531,committed,10.27587890625,EXECUTE,authorization_committed,4.565621260553598,4.57437802106142,0.008756760507822037,4.431349691003561,6.681138649582863,17.060341779142618,4.643006715923548,8.99697095155716,9.005727712064981
98,xair_atomic,1,2.0,0.0,concurrent,1,0,0,0,1,1505,1504,after_check,0,0,after_middleware,0.9899870492517948,2.3994999937713146,9.690933395177126,7.291433401405811,8.700946345925331,11.427239049226046,12.642757967114449,committed,10.173095703125,EXECUTE,authorization_committed,4.9281311221420765,4.936848301440477,0.008717179298400879,4.760026000440121,6.992262322455645,17.617707140743732,4.95137507095933,9.688157122582197,9.696874301880598
99,xair_atomic,0,,0.0,control,1,0,0,0,0,,1506,control,0,0,,0.954821240156889,2.1041659638285637,9.248383343219757,7.144217379391193,8.293562103062868,,,committed,9.947021484375,EXECUTE,authorization_committed,4.223459865897894,4.237976856529713,0.014516990631818771,5.021326243877411,,,5.02844899892807,9.244786109775305,9.259303100407124
100,xair_atomic,1,2.0,0.0,concurrent,1,0,0,0,1,1508,1507,after_check,0,0,after_middleware,0.8659930899739265,2.2496581077575684,9.162571281194687,6.9129131734371185,8.29657819122076,11.596695985645056,12.741883285343647,committed,10.85791015625,EXECUTE,authorization_committed,4.700444173067808,4.716043826192617,0.015599653124809265,4.457889124751091,6.680447142571211,17.776815220713615,4.621145315468311,9.1583332978189,9.173932950943708
101,xair_atomic,1,2.0,0.0,concurrent,1,0,0,0,1,1510,1509,after_check,0,0,after_middleware,0.9221704676747322,2.4557048454880714,9.18350089341402,6.727796047925949,8.261330425739288,11.28212595358491,12.406914960592985,committed,9.614013671875,EXECUTE,authorization_committed,4.818414803594351,4.831258673220873,0.012843869626522064,4.362110048532486,6.5606217831373215,16.96673594415188,4.498274996876717,9.180524852126837,9.193368721753359
102,xair_atomic,1,2.0,0.0,concurrent,1,0,0,0,1,1512,1511,after_check,0,0,after_middleware,0.8659041486680508,2.04628799110651,8.72890930622816,6.682621315121651,7.86300515756011,11.31169218569994,12.614044360816479,committed,9.840087890625,EXECUTE,authorization_committed,3.9844918064773083,3.992788027971983,0.008296221494674683,4.741992335766554,6.916931364685297,17.479187343269587,4.855625331401825,8.726484142243862,8.734780363738537
103,xair_atomic,1,2.0,0.0,concurrent,1,0,0,0,1,1514,1513,after_check,0,0,after_middleware,0.9788759052753448,2.2579538635909557,8.964661043137312,6.706707179546356,7.985785137861967,11.213798075914383,12.422805186361074,committed,9.8779296875,EXECUTE,authorization_committed,4.66066924855113,4.66800294816494,0.007333699613809586,4.301717039197683,6.485602352768183,17.70186424255371,4.4259801506996155,8.962386287748814,8.969719987362623
104,xair_atomic,1,2.0,0.0,concurrent,1,0,0,0,1,1516,1515,after_check,0,0,after_middleware,0.8967509493231773,2.196909859776497,9.616413153707981,7.419503293931484,8.719662204384804,11.587589979171753,12.88954121991992,committed,10.6259765625,EXECUTE,authorization_committed,4.707177169620991,4.716523922979832,0.009346753358840942,4.906291142106056,7.066131103783846,17.397324088960886,5.010947119444609,9.613468311727047,9.622815065085888
105,xair_atomic,1,2.0,0.0,concurrent,1,0,0,0,1,1518,1517,after_check,0,0,after_middleware,0.9346930310130119,2.333566080778837,9.969725273549557,7.6361591927707195,9.035032242536545,12.237577233463526,13.495565857738256,committed,11.633056640625,EXECUTE,authorization_committed,4.634880926460028,4.6462928876280785,0.011411961168050766,5.3320880979299545,7.498180028051138,18.691198900341988,5.442305002361536,9.966969024389982,9.978380985558033
106,xair_atomic,1,2.0,0.0,concurrent,1,0,0,0,1,1520,1519,after_check,0,0,after_middleware,0.8848300203680992,1.9629010930657387,8.477107156068087,6.514206063002348,7.592277135699987,10.915189050137997,11.980406008660793,committed,9.52001953125,EXECUTE,authorization_committed,4.028163850307465,4.041838925331831,0.013675075024366379,4.445176105946302,6.558238063007593,17.185647040605545,4.5333909802138805,8.473339956253767,8.487015031278133
107,xair_atomic,0,,0.0,control,1,0,0,0,0,,1521,control,0,0,,0.7769470103085041,1.8753171898424625,8.36789095774293,6.492573767900467,7.590943947434425,,,committed,9.488037109375,EXECUTE,authorization_committed,4.153427667915821,4.1629960760474205,0.009568408131599426,4.211327061057091,,,4.215775057673454,8.364754728972912,8.374323137104511
108,xair_atomic,1,2.0,0.0,concurrent,1,0,0,0,1,1523,1522,after_check,0,0,after_middleware,0.908643938601017,2.4377121590077877,10.088669136166573,7.650956977158785,9.180025197565556,11.868677102029324,13.041506055742502,committed,11.65087890625,EXECUTE,authorization_committed,4.857177846133709,4.8707230016589165,0.01354515552520752,5.227924324572086,7.452656049281359,17.705341335386038,5.4097650572657585,10.085102170705795,10.098647326231003
109,xair_atomic,0,,0.0,control,1,0,0,0,0,,1524,control,0,0,,0.7983669638633728,1.863183919340372,8.512531872838736,6.6493479534983635,7.714164908975363,,,committed,9.8720703125,EXECUTE,authorization_committed,3.9329249411821365,3.942603711038828,0.00967876985669136,4.575950093567371,,,4.580038134008646,8.508875034749508,8.5185538046062
110,xair_atomic,0,,0.0,control,1,0,0,0,0,,1525,control,0,0,,0.8991463109850883,2.144161146134138,9.327260311692953,7.183099165558815,8.428114000707865,,,committed,10.029052734375,EXECUTE,authorization_committed,4.540984984487295,4.551884718239307,0.010899733752012253,4.783510230481625,,,4.787647165358067,9.32449521496892,9.335394948720932
111,xair_atomic,1,2.0,0.0,concurrent,1,0,0,0,1,1527,1526,after_check,0,0,after_middleware,0.9429492056369781,1.9679712131619453,8.420801255851984,6.452830042690039,7.477852050215006,10.433154180645943,11.607076041400433,committed,9.527099609375,EXECUTE,authorization_committed,4.469030071049929,4.481473937630653,0.012443866580724716,3.9484240114688873,6.08579209074378,16.73059305176139,4.0315599180758,8.417454082518816,8.42989794909954
112,xair_atomic,1,2.0,0.0,concurrent,1,0,0,0,1,1529,1528,after_check,0,0,after_middleware,0.9779538959264755,2.2270558401942253,9.664231911301613,7.4371760711073875,8.686278015375137,12.029286939650774,13.17931292578578,committed,10.218994140625,EXECUTE,authorization_committed,5.048717837780714,5.061851814389229,0.013133976608514786,4.6121180057525635,6.8162307143211365,17.928638961166143,4.768360871821642,9.660835843533278,9.673969820141792
113,xair_atomic,1,2.0,0.0,concurrent,1,0,0,0,1,1531,1530,after_check,0,0,after_middleware,1.2185950763523579,2.6975180953741074,10.372119024395943,7.674600929021835,9.153523948043585,11.958695016801357,13.04823812097311,committed,11.68798828125,EXECUTE,authorization_committed,5.266034975647926,5.2754832431674,0.00944826751947403,5.10384002700448,7.294318173080683,17.707624938338995,5.248501896858215,10.369875002652407,10.37932327017188
114,xair_atomic,0,,0.0,control,1,0,0,0,0,,1532,control,0,0,,0.8289949037134647,2.353713847696781,9.709486737847328,7.355772890150547,8.880491834133863,,,committed,10.7451171875,EXECUTE,authorization_committed,4.803217016160488,4.811553284525871,0.008336268365383148,4.903924651443958,,,4.907331895083189,9.707141667604446,9.71547793596983
115,xair_atomic,1,2.0,0.0,concurrent,1,0,0,0,1,1534,1533,after_check,0,0,after_middleware,0.9031440131366253,2.1461849100887775,9.528697934001684,7.382513023912907,8.625553920865059,11.427178047597408,12.425730936229229,committed,10.8359375,EXECUTE,authorization_committed,4.926588386297226,4.946324974298477,0.01973658800125122,4.5966897159814835,6.762741133570671,17.848378978669643,4.7055138275027275,9.52327810227871,9.54301469027996
116,xair_atomic,0,,0.0,control,1,0,0,0,0,,1535,control,0,0,,0.9184521622955799,2.2293701767921448,9.109542239457369,6.880172062665224,8.191090077161789,,,committed,10.156005859375,EXECUTE,authorization_committed,4.529985133558512,4.5418571680784225,0.011872034519910812,4.576702136546373,,,4.581571090966463,9.106687270104885,9.118559304624796
117,xair_atomic,1,2.0,0.0,concurrent,1,0,0,0,1,1537,1536,after_check,0,0,after_middleware,1.0235789231956005,2.119263634085655,9.869787842035294,7.750524207949638,8.846208918839693,11.840533930808306,12.946628034114838,committed,11.680908203125,EXECUTE,authorization_committed,5.264352075755596,5.298465956002474,0.03411388024687767,4.600557032972574,6.8846410140395164,17.68792886286974,4.855836275964975,9.86490910872817,9.899022988975048
118,xair_atomic,1,2.0,0.0,concurrent,1,0,0,0,1,1539,1538,after_check,0,0,after_middleware,1.000034622848034,2.1609817631542683,8.712396956980228,6.55141519382596,7.7123623341321945,10.559760965406895,11.62853604182601,committed,9.782958984375,EXECUTE,authorization_committed,4.297448787838221,4.310622811317444,0.013174023479223251,4.410931374877691,6.5263379365205765,16.552910208702087,4.503834992647171,8.708380162715912,8.721554186195135
119,xair_atomic,1,2.0,0.0,concurrent,1,0,0,0,1,1541,1540,after_check,0,0,after_middleware,0.9057079441845417,2.3144204169511795,8.317275904119015,6.002855487167835,7.411567959934473,10.61816094443202,11.826566886156797,committed,9.04296875,EXECUTE,authorization_committed,4.446958657354116,4.456426948308945,0.009468290954828262,3.867452032864094,6.086412817239761,15.997909009456635,4.037139937281609,8.31441069021821,8.323878981173038
