rep,layout,context_paths,registered,fraction_touched,paths_changed_per_update,updates,update_p50_ms,update_p99_ms,update_max_ms,observations,updates_per_s,read_p50_ms,register_read_p50_ms,snapshot_bytes,predicate_hash_bytes,redis_used_memory_bytes
0,none,0,0,0.0,0,300,0.7623587734997272,4.648111294955015,6.959320977330208,300,755.1694708318257,0.26516709476709366,0.2647661603987217,191,0,1217144
0,none,10,0,0.0,0,300,0.7882369682192802,4.601562861353159,7.783154956996441,300,787.8843164319693,0.26525696739554405,0.2691536210477352,452,0,1266808
0,document,10,10,0.0,0,300,0.8131540380418301,4.5158532448112965,6.204216741025448,300,738.9535353673643,0.30435994267463684,0.30399858951568604,898,0,1267320
0,document,10,10,0.01,0,300,0.8078641258180141,6.672974675893784,8.920456282794476,300,690.9898338870958,0.305411871522665,0.3094598650932312,895,0,1267320
0,document,10,10,0.1,1,300,0.8340431377291679,6.587234791368246,7.007312029600143,300,699.1295099047563,0.30893925577402115,0.31207501888275146,1060,0,1267832
0,document,10,10,1.0,10,300,0.9197941981256008,4.422418307512999,9.329793974757195,300,611.3466047973182,0.31594187021255493,0.3195093013346195,1059,0,1267832
0,hash,10,10,0.0,0,300,1.0383357293903828,4.3972511775791645,4.810573998838663,300,616.9715079621989,0.26726117357611656,0.31832605600357056,452,504,1414624
0,hash,10,10,0.01,0,300,1.077129039913416,20.987370051443577,27.999671176075935,300,468.8831495407654,0.28500379994511604,0.3384849987924099,452,504,1439280
0,hash,10,10,0.1,1,300,1.3413941487669945,5.975296720862389,7.503761909902096,300,461.30995549099435,0.2722498029470444,0.3208308480679989,612,504,1439408
0,hash,10,10,1.0,10,300,1.58386817201972,7.056133355945349,7.816698867827654,300,389.8957426641052,0.27779070660471916,0.3263507969677448,615,504,1439408
0,none,100,0,0.0,0,300,1.0370928794145584,4.005637019872665,7.20991101115942,300,586.5042420843429,0.4339129664003849,0.436428003013134,3242,0,1420536
0,document,100,100,0.0,0,300,1.5809927135705948,6.145657040178776,17.05955993384123,300,381.45416150217665,0.682569108903408,0.6848229095339775,7812,0,1429752
0,document,100,100,0.01,1,300,1.6313972882926464,6.092216819524765,10.098373983055353,300,362.41881261036235,0.7329541258513927,0.7447958923876286,9362,0,1448184
0,document,100,100,0.1,10,300,2.6735500432550907,6.790635176002979,7.95605918392539,300,326.3137569892836,0.7558870129287243,0.7556360214948654,9426,0,1439992
0,document,100,100,1.0,100,300,4.335253965109587,7.083734963089228,7.943687029182911,300,249.7237211497468,0.6916658021509647,0.6935298442840576,9424,0,1439992
0,hash,100,100,0.0,0,300,1.171245239675045,5.707485601305962,26.37823298573494,300,499.3768759287507,0.42552780359983444,0.43413322418928146,3242,5176,1458400
0,hash,100,100,0.01,1,300,1.5734578482806683,4.881217144429684,16.662725247442722,300,395.25818861796284,0.5024010315537453,0.46609388664364815,4764,5176,1462496
0,hash,100,100,0.1,10,300,3.386105876415968,5.678872112184763,8.177615236490965,300,314.932884387601,0.5249842070043087,0.49649085849523544,4857,5176,1461472
0,hash,100,100,1.0,100,300,7.228616159409285,10.85790665820241,13.754304964095354,300,122.91074332255431,0.5130106583237648,0.47567207366228104,4856,5176,1464544
0,none,1000,0,0.0,0,300,5.988593213260174,12.012130115181208,29.047814663499594,300,169.89716991285505,1.8009650520980358,4.409262910485268,32942,0,1470712
0,document,1000,1000,0.0,0,300,12.993148993700743,34.564984031021595,48.57852589339018,300,78.13871562005326,7.054158952087164,7.131955120712519,79577,0,1511672
0,document,1000,1000,0.01,10,300,7.97903211787343,17.11999299004674,18.997170962393284,300,122.60111060469453,4.868783988058567,4.911995027214289,94794,0,1528056
0,document,1000,1000,0.1,100,300,8.688912726938725,19.619727041572332,35.40413687005639,300,119.37866982287211,5.334646906703711,5.335940048098564,95737,0,1528056
0,document,1000,1000,1.0,1000,100,19.634163938462734,33.69670733809471,41.68124031275511,100,44.47373538369679,5.114604718983173,5.102893337607384,95778,0,1528056
0,hash,1000,1000,0.0,0,300,2.8872210532426834,6.298513151705265,6.720774807035923,300,327.0419368695794,1.817887183278799,1.214645802974701,32942,80304,1670072
0,hash,1000,1000,0.01,10,300,4.309515934437513,10.906768962740898,14.183378778398037,300,202.30248960046438,2.647941932082176,1.6577569767832756,48413,80304,1678264
0,hash,1000,1000,0.1,100,300,7.216614205390215,15.628918074071407,16.672694124281406,300,117.77605033624054,2.6115640066564083,1.6251751221716404,49105,80304,1680824
0,hash,1000,1000,1.0,1000,100,34.9217327311635,66.28109002485871,69.17702592909336,100,25.11220348631312,2.5714989751577377,1.5971329994499683,49127,80304,1693624
0,none,10000,0,0.0,0,300,25.09863395243883,51.428806968033314,64.93528792634606,300,35.02487231402905,17.049730755388737,16.43757289275527,347942,0,1822968
0,document,10000,10000,0.0,0,300,81.98636071756482,139.9173717945814,169.91065023466945,300,11.885013630192814,54.94266236200929,53.243076894432306,824158,0,2347256
0,document,10000,10000,0.01,100,300,99.19339697808027,174.67497661709785,249.67696983367205,300,10.159073666101177,66.27530930563807,62.73435289040208,977593,0,2478328
0,document,10000,10000,0.1,1000,100,105.40327429771423,128.9942730218172,145.20417992025614,100,9.26814066779924,64.36312524601817,61.08170608058572,977950,0,2478328
0,document,10000,10000,1.0,10000,100,164.7218158468604,224.619522690773,225.42479215189815,100,5.555684114676817,61.646544840186834,63.64207388833165,986092,0,2478328
0,hash,10000,10000,0.0,0,300,18.16893881186843,48.04377304390073,109.15277106687427,300,43.370931790296716,17.24461605772376,10.014456696808338,347942,916720,3753152
0,hash,10000,10000,0.01,100,300,28.963217046111822,35.754833836108446,38.408196065574884,300,35.09585071848136,26.603234000504017,14.914029277861118,500762,851184,3818688
0,hash,10000,10000,0.1,1000,100,65.53972000256181,118.97300276905298,122.19713488593698,100,13.765714701878018,25.899555068463087,14.881357084959745,501717,851184,3818688
0,hash,10000,10000,1.0,10000,100,375.26180408895016,455.5622162297368,455.61119681224227,100,2.6000889673701355,25.629159063100815,14.199919998645782,509896,851184,3818688
1,none,0,0,0.0,0,300,0.7069152779877186,3.972976002842188,7.608477957546711,300,1020.2959276964197,0.23211492225527763,0.23274635896086693,191,0,1414616
1,none,10,0,0.0,0,300,0.741900410503149,4.4790636748075485,5.366687197238207,300,886.6671166304299,0.2697953023016453,0.2682819031178951,452,0,1414904
1,document,10,10,0.0,0,300,0.8573262020945549,0.938348937779665,1.317949965596199,300,1169.062519204958,0.291505828499794,0.29247812926769257,899,0,1415416
1,document,10,10,0.01,0,300,0.8131037466228008,0.8965595625340939,1.3191825710237026,300,1225.163869696569,0.2976679243147373,0.3018961288034916,898,0,1415416
1,document,10,10,0.1,1,300,0.8276407606899738,1.150486059486866,1.4009950682520866,300,1175.704273528422,0.3138580359518528,0.3169937990605831,1059,0,1415928
1,document,10,10,1.0,10,300,0.8974322117865086,5.216164980083704,7.546883076429367,300,620.3670739108446,0.3192480653524399,0.32222410663962364,1066,0,1415928
1,hash,10,10,0.0,0,300,0.9729936718940735,4.72572585567832,7.744702976197004,300,620.8067264112033,0.2705473452806473,0.3231549635529518,452,504,1439280
1,hash,10,10,0.01,0,300,0.9830030612647533,7.656116969883442,10.004407726228237,300,611.5682702831216,0.26673031970858574,0.3181556239724159,452,504,1439280
1,hash,10,10,0.1,1,300,1.3188212178647518,7.617505267262459,7.98491295427084,300,439.23534168753065,0.28544478118419647,0.33507775515317917,613,504,1439408
1,hash,10,10,1.0,10,300,1.7554988153278828,6.319012027233839,7.195494137704372,300,371.91773651828737,0.2800440415740013,0.32830610871315,615,504,1439408
1,none,100,0,0.0,0,300,1.0507791303098202,4.939146339893341,6.6102780401706696,300,579.9630166853565,0.44236890971660614,0.44464319944381714,3242,0,1420536
1,document,100,100,0.0,0,300,1.5108520165085793,6.740982178598642,9.886757005006075,300,389.70217861690315,0.6432658992707729,0.6475537084043026,7807,0,1433848
1,document,100,100,0.01,1,300,1.7614709213376045,7.9565211199223995,15.75936283916235,300,342.0165739547392,0.7407879456877708,0.7453970611095428,9331,0,1448184
1,document,100,100,0.1,10,300,1.8039504066109657,7.2510079480707645,8.27989587560296,300,345.05733525177425,0.7045604288578033,0.7152999751269817,9416,0,1448184
1,document,100,100,1.0,100,300,4.596514161676168,7.503751665353775,8.218070026487112,300,255.7698395818209,0.7074149325489998,0.7094899192452431,9428,0,1439992
1,hash,100,100,0.0,0,300,1.130077987909317,6.680047605186701,7.504142355173826,300,523.704968651676,0.43410295620560646,0.4392932169139385,3242,5176,1458400
1,hash,100,100,0.01,1,300,1.7027710564434528,6.384463980793953,6.880523171275854,300,379.1142295689386,0.5058981478214264,0.4724757745862007,4821,5176,1464544
1,hash,100,100,0.1,10,300,3.5168100148439407,6.850096862763166,7.860179990530014,300,315.45368547097297,0.49403589218854904,0.45699626207351685,4863,5176,1461472
1,hash,100,100,1.0,100,300,7.970666978508234,12.38996908068657,35.28542397543788,300,115.54596600173247,0.5326177924871445,0.5106870085000992,4866,5176,1464544
1,none,1000,0,0.0,0,300,5.990756209939718,8.975610136985779,10.412512812763453,300,177.40368222338225,2.8113392181694508,4.309697076678276,32942,0,1470712
1,document,1000,1000,0.0,0,300,7.488122675567865,20.59708908200264,24.798281956464052,300,123.51759922398875,4.419662058353424,4.473984241485596,79590,0,1511672
1,document,1000,1000,0.01,10,300,8.68554599583149,21.762032061815262,39.08317070454359,300,95.26111132588213,5.219331011176109,5.248436238616705,94808,0,1528056
1,document,1000,1000,0.1,100,300,9.383624885231256,21.012517157942057,34.645024221390486,300,97.83776826490585,5.103413015604019,5.124923773109913,95749,0,1528056
1,document,1000,1000,1.0,1000,100,14.446312095969915,32.331347931176424,57.33769992366433,100,51.14167248007236,5.167975090444088,5.204632878303528,95767,0,1528056
1,hash,1000,1000,0.0,0,300,2.5003552436828613,5.586608778685331,6.12621009349823,300,379.4033860029826,1.0098516941070557,0.6788121536374092,32942,80304,1671096
1,hash,1000,1000,0.01,10,300,2.6204301975667477,28.65954814478755,32.46734431013465,300,213.66286514271727,4.071019124239683,4.273988772183657,48260,80304,1678264
1,hash,1000,1000,0.1,100,300,12.494133785367012,19.108569249510765,26.312298141419888,300,80.27110508581536,3.337153233587742,4.396138712763786,49123,80304,1678264
1,hash,1000,1000,1.0,1000,100,35.87370691820979,65.583401825279,66.67946605011821,100,25.607777887291263,2.612174954265356,1.6217492520809174,49140,80304,1693624
1,none,10000,0,0.0,0,300,27.253533247858286,62.616472132503986,64.42240718752146,300,32.021187922866964,17.93214399367571,17.53653259947896,347942,0,1822968
1,document,10000,10000,0.0,0,300,78.98707035928965,164.76614912971854,202.34399940818548,300,11.741588619434541,54.64666709303856,52.8564122505486,824189,0,2347256
1,document,10000,10000,0.01,100,300,87.69897604361176,170.8237510174513,176.19044706225395,300,11.79992843610628,35.76509328559041,33.94897887483239,977374,0,2478328
1,document,10000,10000,0.1,1000,100,61.14037614315748,82.17881107702851,97.22635010257363,100,15.579046601073268,35.376125015318394,33.2744256593287,978006,0,2478328
1,document,10000,10000,1.0,10000,100,88.06096483021975,112.65641590580344,126.059683971107,100,10.037156187118192,35.44520400464535,34.0455612167716,986160,0,2478328
1,hash,10000,10000,0.0,0,300,11.21783209964633,25.29481239616871,32.089876011013985,300,79.17645595343612,11.033707298338413,6.199317052960396,347942,916720,3753152
1,hash,10000,10000,0.01,100,300,18.185499124228954,31.09738603234291,42.19230776652694,300,52.44993634261712,16.263035591691732,9.34885023161769,501413,851184,3818688
1,hash,10000,10000,0.1,1000,100,32.85258496180177,49.115671776235104,53.05507406592369,100,28.112020062787895,13.80146387964487,7.675212807953358,501579,851184,3818688
1,hash,10000,10000,1.0,10000,100,179.43710228428245,345.88536294177175,347.59361390024424,100,4.929194645402247,23.541617207229137,13.307298067957163,509903,851184,3818688
2,none,0,0,0.0,0,300,0.6400099955499172,1.1486727744340897,1.3950238935649395,300,1484.63937064251,0.2603083848953247,0.258483923971653,191,0,1414616
2,none,10,0,0.0,0,300,0.6623207591474056,0.9803371503949165,1.5640710480511189,300,1433.1017905173305,0.28269924223423004,0.28368085622787476,452,0,1414904
2,document,10,10,0.0,0,300,0.7953708991408348,1.3896739110350609,2.0151659846305847,300,1227.3133718264537,0.2974672242999077,0.3015352413058281,900,0,1415416
2,document,10,10,0.01,0,300,0.7491540163755417,1.2829741463065147,1.5366687439382076,300,1280.2534732393588,0.24532899260520935,0.2490556798875332,895,0,1415416
2,document,10,10,0.1,1,300,0.7861130870878696,1.3935109600424767,1.4927070587873459,300,1212.8242476665423,0.2904948778450489,0.29218802228569984,1059,0,1415928
2,document,10,10,1.0,10,300,0.8456353098154068,1.3555199839174747,1.6565448604524136,300,1142.3310307369763,0.28739916160702705,0.28842082247138023,1062,0,1415928
2,hash,10,10,0.0,0,300,0.9716609492897987,1.6545201651751995,1.6909991391003132,300,1006.9272659599538,0.2584843896329403,0.3071860410273075,452,504,1439280
2,hash,10,10,0.01,0,300,0.9653088636696339,1.6963789239525795,4.795967135578394,300,996.4461416272236,0.2514705993235111,0.30348822474479675,452,504,1439280
2,hash,10,10,0.1,1,300,1.1646319180727005,1.5745707787573338,1.8540453165769577,300,839.1986845557825,0.23460900411009789,0.2789120189845562,615,504,1439408
2,hash,10,10,1.0,10,300,1.5177936293184757,2.480247989296913,3.33861680701375,300,622.2903029579151,0.275416299700737,0.3252597525715828,614,504,1439408
2,none,100,0,0.0,0,300,0.9019398130476475,2.6685907505452633,4.201333038508892,300,1007.8679005385299,0.4117120988667011,0.41502807289361954,3242,0,1420536
2,document,100,100,0.0,0,300,1.3787942007184029,5.640019197016954,9.863755200058222,300,659.0836253697057,0.6505087949335575,0.6582839414477348,7807,0,1429752
2,document,100,100,0.01,1,300,1.5297471545636654,4.581135232001543,10.979305021464825,300,565.0229918749075,0.7505360990762711,0.75551588088274,9309,0,1439992
2,document,100,100,0.1,10,300,1.5830965712666512,2.28852778673172,2.818130888044834,300,609.676530821629,0.7210918702185154,0.7216623052954674,9418,0,1439992
2,document,100,100,1.0,100,300,2.1222680807113647,2.768157050013542,3.06322006508708,300,448.1073149828101,0.7309890352189541,0.734186265617609,9434,0,1439992
2,hash,100,100,0.0,0,300,1.049065962433815,1.31918303668499,1.5870742499828339,300,939.291728141719,0.4006507806479931,0.4008207470178604,3242,5176,1458400
2,hash,100,100,0.01,1,300,1.561095006763935,2.3181037977337837,2.6039201766252518,300,613.9930648209504,0.4992750473320484,0.45969104394316673,4767,5176,1461472
2,hash,100,100,0.1,10,300,1.6924510709941387,3.031731117516756,4.7928206622600555,300,571.2616892625402,0.48493873327970505,0.443912111222744,4869,5176,1461472
2,hash,100,100,1.0,100,300,4.230458289384842,5.24289533495903,5.734456237405539,300,253.0208709529648,0.3228248097002506,0.30187610536813736,4861,5176,1464544
2,none,1000,0,0.0,0,300,1.8648053519427776,3.1058010645210743,3.629702143371105,300,472.29524289319454,1.8046717159450054,1.7819399945437908,32942,0,1470712
2,document,1000,1000,0.0,0,300,6.995009258389473,19.06165201216936,21.879201289266348,300,135.62542280350186,4.058877006173134,3.89380706474185,79582,0,1511672
2,document,1000,1000,0.01,10,300,7.849349174648523,20.267161075025797,24.473173078149557,300,125.5388218706079,4.778504837304354,4.808762110769749,94897,0,1528056
2,document,1000,1000,0.1,100,300,8.854403160512447,25.143939070403576,43.13748935237527,300,98.39719067966185,3.4970040433108807,3.7023983895778656,95757,0,1528056
2,document,1000,1000,1.0,1000,100,13.624001760035753,28.198603074997663,29.200822114944458,100,63.93163476706353,5.079478956758976,5.148919299244881,95739,0,1528056
2,hash,1000,1000,0.0,0,300,2.5172168388962746,15.131204854696989,28.79708493128419,300,261.0306667130503,1.3654590584337711,0.9391498751938343,32942,80304,1671096
2,hash,1000,1000,0.01,10,300,3.7545058876276016,12.760994024574757,14.346283860504627,300,218.8397574533063,2.6823068037629128,1.6823820769786835,48424,80304,1678264
2,hash,1000,1000,0.1,100,300,6.956727243959904,22.33145898208022,24.12704424932599,300,115.58191478697746,2.6510879397392273,1.6467459499835968,49147,80304,1689528
2,hash,1000,1000,1.0,1000,100,30.744384974241257,58.16865712404251,61.98216415941715,100,30.357541160657693,2.5411522947251797,1.5778467059135437,49128,80304,1693624
2,none,10000,0,0.0,0,300,19.50020296499133,28.90345500782132,33.73355604708195,300,49.56658227284677,10.235100984573364,10.39322605356574,347942,0,1822968
2,document,10000,10000,0.0,0,300,59.99927734956145,98.94058294594288,122.23424483090639,300,15.6790499536168,38.64779509603977,40.92295886948705,824162,0,2347256
2,document,10000,10000,0.01,100,300,87.39162003621459,139.1126550734043,158.5148428566754,300,11.434470970147773,52.68681421875954,50.34672887995839,976763,0,2478328
2,document,10000,10000,0.1,1000,100,81.07840875163674,128.21650505065918,130.34372171387076,100,11.327667597864316,57.20576271414757,58.35823202505708,977885,0,2478328
2,document,10000,10000,1.0,10000,100,130.2822702564299,201.8639543093741,207.9584961757064,100,6.7086466734439965,45.6639239564538,47.75947192683816,986015,0,2478328
2,hash,10000,10000,0.0,0,300,15.403505880385637,19.84674297273159,26.490512769669294,300,70.15008721249924,16.281030140817165,9.227682836353779,347942,916720,3753152
2,hash,10000,10000,0.01,100,300,24.969674181193113,38.58295502141118,40.53930100053549,300,41.200038437085944,20.404137205332518,12.157734017819166,500696,851184,3818688
2,hash,10000,10000,0.1,1000,100,46.291299629956484,64.60048211738467,67.10418313741684,100,21.15633549502209,26.374815963208675,14.643132220953703,501820,851184,3818688
2,hash,10000,10000,1.0,10000,100,264.577419962734,375.23909006267786,395.70656698197126,100,3.5424394497407,19.373797345906496,11.084992904216051,509795,851184,3818912
