run,mode,inject,inject_offset_ms,publish_delay_ms,injection_window,gateway_released,gate_blocked,stale_publish,potential_stale_publish,post_release_invalidation,injection_version,check_version,version_order,stale_exact,position_vs_middleware,residual_lo_ms,residual_hi_ms,t_middleware_ms,store_io_lo_ms,store_io_hi_ms,injection_store_lo_ms,injection_store_hi_ms,commit_status,commit_age_ms,outcome,reason,validation_to_gate_ms,validation_to_publish_ms,recheck_to_publish_ms,t_validate_end_ms,t_injection_start_ms,t_injection_end_ms,t_recheck_start_ms,t_recheck_end_ms,t_publish_end_ms
0,xair_atomic,0,,0.0,control,1,0,0,0,0,,1352,control,0,,,,,,,,,committed,41.7509765625,EXECUTE,authorization_committed,19.496375010930933,19.51950001239311,0.023125001462176442,17.767916986485943,,,17.77787499304395,37.264291997416876,37.28741699887905
1,xair_atomic,0,,0.0,control,1,0,0,0,0,,1353,control,0,,,,,,,,,committed,33.837890625,EXECUTE,authorization_committed,12.599582987604663,12.617915999726392,0.018333012121729553,16.900375005207025,,,16.909208003198728,29.499957992811687,29.518291004933417
2,xair_atomic,1,0.0,0.0,concurrent,1,0,0,0,1,1355,1354,after_check,0,,,,,,,,,committed,44.923095703125,EXECUTE,authorization_committed,21.51629200670868,21.536333006224595,0.020040999515913427,19.45783299743198,19.61491600377485,44.491416003438644,19.82858299743384,40.97412500414066,40.994166003656574
3,xair_atomic,1,0.0,0.0,concurrent,0,1,0,0,0,1357,1357,before_check,0,,,,,,,,,changed,40.048095703125,REVOKE,read_set_version_changed_at_commit,19.790834005107172,,,15.596415993059054,15.753582993056625,33.6299579939805,15.877999991062097,35.387249998166226,
4,xair_atomic,1,0.0,0.0,concurrent,0,1,0,0,0,1359,1359,before_check,0,,,,,,,,,changed,41.568115234375,REVOKE,read_set_version_changed_at_commit,20.782334002433345,,,16.57154101121705,16.699166008038446,35.54416600672994,16.81995800754521,37.353875013650395,
5,xair_atomic,1,0.0,0.0,concurrent,1,0,0,0,1,1361,1360,after_check,0,,,,,,,,,committed,34.669921875,EXECUTE,authorization_committed,14.745666005183011,14.758500008611009,0.012834003427997231,16.580916999373585,16.702833003364503,36.558542007696815,16.79666699783411,31.326583004556596,31.339417007984594
6,xair_atomic,1,0.0,0.0,concurrent,1,0,0,0,1,1363,1362,after_check,0,,,,,,,,,committed,35.4619140625,EXECUTE,authorization_committed,14.192583999829367,14.202334001311101,0.009750001481734216,17.354499999783002,17.52558400039561,36.85066700563766,17.60412500880193,31.54708399961237,31.556834001094103
7,xair_atomic,1,0.0,0.0,concurrent,0,1,0,0,0,1365,1365,before_check,0,,,,,,,,,changed,38.847900390625,REVOKE,read_set_version_changed_at_commit,18.971708996105008,,,16.746041001169942,16.874166001798585,34.74566599470563,16.96049999736715,35.71774999727495,
8,xair_atomic,1,0.0,0.0,concurrent,1,0,0,0,1,1367,1366,after_check,0,,,,,,,,,committed,35.968017578125,EXECUTE,authorization_committed,17.14387499669101,17.152084008557722,0.00820901186671108,15.719540999270976,15.842833003262058,38.193750006030314,15.92104100564029,32.86341599596199,32.8716250078287
9,xair_atomic,0,,0.0,control,1,0,0,0,0,,1368,control,0,,,,,,,,,committed,38.945068359375,EXECUTE,authorization_committed,19.05649999389425,19.076791999395937,0.020292005501687527,16.649707991746254,,,16.657457992550917,35.7062079856405,35.72649999114219
10,xair_atomic,1,0.0,0.0,concurrent,1,0,0,0,1,1370,1369,after_check,0,,,,,,,,,committed,36.64697265625,EXECUTE,authorization_committed,13.781917004962452,13.792375000775792,0.010457995813339949,18.644958006916568,18.728708004346117,37.69337500852998,18.818625001586042,32.42687501187902,32.43733300769236
11,xair_atomic,1,0.0,0.0,concurrent,1,0,0,0,1,1372,1371,after_check,0,,,,,,,,,committed,100.72705078125,EXECUTE,authorization_committed,17.383332989993505,17.404541998985223,0.021209008991718292,18.951375008327886,19.176792004145682,41.459833009867,19.437750001088716,36.33470799832139,36.35591700731311
12,xair_atomic,1,0.0,0.0,concurrent,0,1,0,0,0,1374,1374,before_check,0,,,,,,,,,changed,40.3291015625,REVOKE,read_set_version_changed_at_commit,17.793874998460524,,,19.093750001047738,19.211333012208343,35.89304200431798,19.31212500494439,36.88762499950826,
13,xair_atomic,1,0.0,0.0,concurrent,1,0,0,0,1,1376,1375,after_check,0,,,,,,,,,committed,42.10693359375,EXECUTE,authorization_committed,19.866542003001086,19.881833999534138,0.015291996533051133,18.2280409935629,18.39704099984374,43.46354099106975,18.57049998943694,38.094582996563986,38.10987499309704
14,xair_atomic,0,,0.0,control,1,0,0,0,0,,1377,control,0,,,,,,,,,committed,34.85009765625,EXECUTE,authorization_committed,14.384916998096742,14.403957989998162,0.019040991901420057,15.691042004618794,,,15.701917000114918,30.075959002715535,30.094999994616956
15,xair_atomic,0,,0.0,control,1,0,0,0,0,,1378,control,0,,,,,,,,,committed,33.76708984375,EXECUTE,authorization_committed,12.734749994706362,12.746084001264535,0.011334006558172405,17.726916004903615,,,17.73233299900312,30.461665999609977,30.47300000616815
16,xair_atomic,1,0.0,0.0,concurrent,1,0,0,0,1,1380,1379,after_check,0,,,,,,,,,committed,35.262939453125,EXECUTE,authorization_committed,14.82558400311973,14.842042000964284,0.016457997844554484,15.771332997246645,15.909916997770779,36.5397080022376,16.035958004067652,30.596917000366375,30.61337499821093
17,xair_atomic,1,0.0,0.0,concurrent,0,1,0,0,0,1382,1382,before_check,0,,,,,,,,,changed,43.888916015625,REVOKE,read_set_version_changed_at_commit,20.868291991064325,,,19.032333002542146,19.178374990588054,37.6666660013143,19.290957992780022,39.90062499360647,
18,xair_atomic,1,0.0,0.0,concurrent,1,0,0,0,1,1384,1383,after_check,0,,,,,,,,,committed,36.97509765625,EXECUTE,authorization_committed,16.51416601089295,16.52858300076332,0.014416989870369434,15.668791995267384,15.81020800222177,38.29995800333563,15.921375001198612,32.182958006160334,32.1973749960307
19,xair_atomic,1,0.0,0.0,concurrent,1,0,0,0,1,1386,1385,after_check,0,,,,,,,,,committed,38.3798828125,EXECUTE,authorization_committed,19.10504100669641,19.12408300267998,0.019041995983570814,16.026750003220513,16.16741600446403,40.236333006760105,16.263041005004197,35.131791009916924,35.150833005900495
20,xair_atomic,1,0.0,0.0,concurrent,1,0,0,0,1,1388,1387,after_check,0,,,,,,,,,committed,35.2890625,EXECUTE,authorization_committed,15.78466700448189,15.799375003552996,0.014707999071106315,15.66929199907463,15.793500002473593,36.72958399693016,15.894374999334104,31.45395900355652,31.468667002627626
21,xair_atomic,1,0.0,0.0,concurrent,0,1,0,0,0,1390,1390,before_check,0,,,,,,,,,changed,40.43701171875,REVOKE,read_set_version_changed_at_commit,20.484708991716616,,,16.065666000940837,16.186833003303036,33.009666003636084,16.262499993899837,36.55037499265745,
22,xair_atomic,1,0.0,0.0,concurrent,1,0,0,0,1,1392,1391,after_check,0,,,,,,,,,committed,37.346923828125,EXECUTE,authorization_committed,14.981749991420656,14.992625001468696,0.010875010048039258,16.79104199865833,16.94037500419654,38.140417003887706,17.03008299227804,31.772791990078986,31.783667000127025
23,xair_atomic,1,0.0,0.0,concurrent,0,1,0,0,0,1394,1394,before_check,0,,,,,,,,,changed,38.278076171875,REVOKE,read_set_version_changed_at_commit,18.990583004779182,,,16.273375003947876,16.39699999941513,32.29254200414289,16.515417009941302,35.26395800872706,
24,xair_atomic,0,,0.0,control,1,0,0,0,0,,1395,control,0,,,,,,,,,committed,34.2900390625,EXECUTE,authorization_committed,14.782250000280328,14.792750007472932,0.010500007192604244,16.67562499642372,,,16.680458007613197,31.45787499670405,31.468375003896654
25,xair_atomic,1,0.0,0.0,concurrent,0,1,0,0,0,1397,1397,before_check,0,,,,,,,,,changed,40.83203125,REVOKE,read_set_version_changed_at_commit,19.921292012440972,,,16.99312499840744,17.180625000037253,34.92758399806917,17.370000001392327,36.91441701084841,
26,xair_atomic,1,0.0,0.0,concurrent,1,0,0,0,1,1399,1398,after_check,0,,,,,,,,,committed,39.39501953125,EXECUTE,authorization_committed,16.32991600490641,16.34991599712521,0.01999999221879989,18.619958995259367,18.83195899426937,41.201375002856366,19.0517919982085,34.949875000165775,34.969874992384575
27,xair_atomic,1,0.0,0.0,concurrent,0,1,0,0,0,1401,1401,before_check,0,,,,,,,,,changed,43.10205078125,REVOKE,read_set_version_changed_at_commit,21.419166994746774,,,17.536750005092472,17.733166998368688,37.93066699290648,17.968041996937245,38.955916999839246,
28,xair_atomic,0,,0.0,control,1,0,0,0,0,,1402,control,0,,,,,,,,,committed,36.548095703125,EXECUTE,authorization_committed,15.837875005672686,15.857624995987862,0.019749990315176547,16.720957995858043,,,16.730292001739144,32.55883300153073,32.578582991845906
29,xair_atomic,1,0.0,0.0,concurrent,0,1,0,0,0,1404,1404,before_check,0,,,,,,,,,changed,41.590087890625,REVOKE,read_set_version_changed_at_commit,21.630540999467485,,,15.87158399343025,16.07037498615682,37.07858399138786,16.26462499552872,37.502124992897734,
30,xair_atomic,0,,0.0,control,1,0,0,0,0,,1405,control,0,,,,,,,,,committed,37.927978515625,EXECUTE,authorization_committed,15.601333012455143,15.619417012203485,0.01808399974834174,17.692249995889142,,,17.70129200303927,33.293583008344285,33.31166700809263
31,xair_atomic,1,0.0,0.0,concurrent,0,1,0,0,0,1407,1407,before_check,0,,,,,,,,,changed,42.12109375,REVOKE,read_set_version_changed_at_commit,18.770209004287608,,,16.19962499535177,16.36274998600129,33.4045839990722,16.477083991048858,34.96983399963938,
32,xair_atomic,1,0.0,0.0,concurrent,1,0,0,0,1,1409,1408,after_check,0,,,,,,,,,committed,36.56494140625,EXECUTE,authorization_committed,15.881874991464429,15.898749988991767,0.016874997527338564,18.055250009638257,18.187375011621043,37.72179200313985,18.300625000847504,33.937125001102686,33.953999998630024
33,xair_atomic,1,0.0,0.0,concurrent,0,1,0,0,0,1411,1411,before_check,0,,,,,,,,,changed,41.3359375,REVOKE,read_set_version_changed_at_commit,18.204958993010223,,,16.97908299684059,17.127749990322627,33.87891699094325,17.217582993907854,35.18404198985081,
34,xair_atomic,1,0.0,0.0,concurrent,1,0,0,0,1,1413,1412,after_check,0,,,,,,,,,committed,35.89404296875,EXECUTE,authorization_committed,14.844792007352225,14.855041998089291,0.010249990737065673,16.993207987979986,17.137999995611608,37.37091599032283,17.218207998666912,31.83799999533221,31.848249986069277
35,xair_atomic,1,0.0,0.0,concurrent,0,1,0,0,0,1415,1415,before_check,0,,,,,,,,,changed,40.321044921875,REVOKE,read_set_version_changed_at_commit,19.05083400197327,,,17.13937499152962,17.295083991484717,32.5990839919541,17.43816699308809,36.19020899350289,
36,xair_atomic,1,0.0,0.0,concurrent,1,0,0,0,1,1417,1416,after_check,0,,,,,,,,,committed,36.426025390625,EXECUTE,authorization_committed,16.444791996036656,16.463417006889358,0.018625010852701962,17.146291997050866,17.317374993581325,37.61770900746342,17.514292005216703,33.59108399308752,33.609709003940225
37,xair_atomic,0,,0.0,control,1,0,0,0,0,,1418,control,0,,,,,,,,,committed,38.990966796875,EXECUTE,authorization_committed,20.877540999208577,20.887415987090208,0.009874987881630659,15.71416700608097,,,15.718750000814907,36.59170800528955,36.60158299317118
38,xair_atomic,0,,0.0,control,1,0,0,0,0,,1419,control,0,,,,,,,,,committed,38.22900390625,EXECUTE,authorization_committed,15.601042003254406,15.62345799175091,0.022415988496504724,17.703667006571777,,,17.71220900991466,33.30470900982618,33.32712499832269
39,xair_atomic,1,0.0,0.0,concurrent,1,0,0,0,1,1421,1420,after_check,0,,,,,,,,,committed,35.013916015625,EXECUTE,authorization_committed,14.776415991946124,14.792415997362696,0.016000005416572094,16.68483400135301,16.80995899369009,36.673750000773,16.905666998354718,31.461249993299134,31.477249998715706
40,xair_atomic,1,5.0,0.0,concurrent,1,0,0,0,1,1423,1422,after_check,0,,,,,,,,,committed,36.97998046875,EXECUTE,authorization_committed,17.575124991708435,17.589249997399747,0.014125005691312253,15.644583007087931,21.015708000049926,37.24770799453836,15.777583001181483,33.219707998796366,33.23383300448768
41,xair_atomic,0,,0.0,control,1,0,0,0,0,,1424,control,0,,,,,,,,,committed,31.9580078125,EXECUTE,authorization_committed,12.427207999280654,12.439165991963819,0.011957992683164775,16.63850000477396,,,16.646541000227444,29.065708004054613,29.077665996737778
42,xair_atomic,0,,0.0,control,1,0,0,0,0,,1425,control,0,,,,,,,,,committed,32.72509765625,EXECUTE,authorization_committed,12.969290997716598,12.979207996977493,0.009916999260894954,15.646917003323324,,,15.651499998057261,28.616208001039922,28.626125000300817
43,xair_atomic,1,5.0,0.0,concurrent,1,0,0,0,1,1427,1426,after_check,0,,,,,,,,,committed,35.237060546875,EXECUTE,authorization_committed,15.309999987948686,15.322624996770173,0.012625008821487427,16.673707999871112,23.12458299275022,42.56429099768866,16.835874994285405,31.9837079878198,31.996332996641286
44,xair_atomic,0,,0.0,control,1,0,0,0,0,,1428,control,0,,,,,,,,,committed,33.27392578125,EXECUTE,authorization_committed,13.731749990256503,13.743832998443395,0.012083008186891675,16.7501250107307,,,16.75495800736826,30.481875000987202,30.493958009174094
45,xair_atomic,0,,0.0,control,1,0,0,0,0,,1429,control,0,,,,,,,,,committed,34.257080078125,EXECUTE,authorization_committed,11.44695800030604,11.45666599040851,0.009707990102469921,16.801500009023584,,,16.805749997729436,28.248458009329624,28.258165999432094
46,xair_atomic,1,5.0,0.0,concurrent,1,0,0,0,1,1431,1430,after_check,0,,,,,,,,,committed,33.7060546875,EXECUTE,authorization_committed,14.80237499345094,14.810541993938386,0.008167000487446785,16.188916997634806,22.98270899336785,41.36820900021121,16.34479199128691,30.991291991085745,30.999458991573192
47,xair_atomic,1,5.0,0.0,concurrent,1,0,0,0,1,1433,1432,after_check,0,,,,,,,,,committed,35.364013671875,EXECUTE,authorization_committed,15.59020800050348,15.59787499718368,0.0076669966802001,15.944500002660789,23.60141598910559,41.05104100017343,16.09887499944307,31.53470800316427,31.54237499984447
48,xair_atomic,1,5.0,0.0,concurrent,1,0,0,0,1,1435,1434,after_check,0,,,,,,,,,committed,45.174072265625,EXECUTE,authorization_committed,14.785457999096252,14.803333004238084,0.017875005141831934,27.419167003245093,33.09612500015646,52.64387500938028,27.607666997937486,42.204625002341345,42.22250000748318
49,xair_atomic,1,5.0,0.0,concurrent,1,0,0,0,1,1437,1436,after_check,0,,,,,,,,,committed,38.924072265625,EXECUTE,authorization_committed,14.15524999902118,14.175874995999038,0.020624996977858245,16.962624998996034,24.424749994068407,39.653375002671964,17.14087500295136,31.117874998017214,31.138499994995072
50,xair_atomic,1,5.0,0.0,concurrent,1,0,0,0,1,1439,1438,after_check,0,,,,,,,,,committed,36.3720703125,EXECUTE,authorization_committed,15.587707996019162,15.598333004163578,0.010625008144415915,16.812332993140444,24.402290990110487,43.56691599241458,16.90095799858682,32.400040989159606,32.41066599730402
51,xair_atomic,1,5.0,0.0,concurrent,1,0,0,0,1,1441,1440,after_check,0,,,,,,,,,committed,33.50390625,EXECUTE,authorization_committed,15.152708001551218,15.168041005381383,0.015333003830164671,15.761874994495884,21.19916600349825,39.81808299431577,15.884166001342237,30.914582996047102,30.929915999877267
52,xair_atomic,0,,0.0,control,1,0,0,0,0,,1442,control,0,,,,,,,,,committed,36.783935546875,EXECUTE,authorization_committed,14.813999994657934,14.821542004938237,0.007542010280303657,17.554917008965276,,,17.56004200433381,32.36891700362321,32.37645901390351
53,xair_atomic,1,5.0,0.0,concurrent,1,0,0,0,1,1444,1443,after_check,0,,,,,,,,,committed,34.51708984375,EXECUTE,authorization_committed,14.56704099837225,14.586207995307632,0.019166996935382485,16.011834013625048,23.72387501236517,39.97966700990219,16.21608401183039,30.578875011997297,30.59804200893268
54,xair_atomic,1,5.0,0.0,concurrent,1,0,0,0,1,1446,1445,after_check,0,,,,,,,,,committed,32.64208984375,EXECUTE,authorization_committed,14.810459004365839,14.82220899197273,0.0117499876068905,15.608665999025106,23.245958000188693,40.446457991492935,15.734415996121243,30.419125003390945,30.430874990997836
55,xair_atomic,1,5.0,0.0,concurrent,1,0,0,0,1,1448,1447,after_check,0,,,,,,,,,committed,34.39111328125,EXECUTE,authorization_committed,13.549541996326298,13.56291699630674,0.013374999980442226,16.081166002550162,21.99204100179486,38.27341600845102,16.229416010901332,29.63070799887646,29.644082998856902
56,xair_atomic,1,5.0,0.0,concurrent,1,0,0,0,1,1450,1449,after_check,0,,,,,,,,,committed,36.277099609375,EXECUTE,authorization_committed,14.965750000556,14.977375001762994,0.011625001206994057,16.980749991489574,22.524915999383666,39.321541000390425,17.121540993684903,31.946499992045574,31.958124993252568
57,xair_atomic,1,5.0,0.0,concurrent,1,0,0,0,1,1452,1451,after_check,0,,,,,,,,,committed,33.674072265625,EXECUTE,authorization_committed,14.227083011064678,14.24237500759773,0.015291996533051133,16.523541999049485,23.617416998604313,41.17158301232848,16.671958001097664,30.750625010114163,30.765917006647214
58,xair_atomic,1,5.0,0.0,concurrent,1,0,0,0,1,1454,1453,after_check,0,,,,,,,,,committed,33.47607421875,EXECUTE,authorization_committed,15.099500000360422,15.110209002159536,0.010709001799114048,15.724583005066961,23.384291998809204,40.928375005023554,15.879250000580214,30.824083005427383,30.834792007226497
59,xair_atomic,1,5.0,0.0,concurrent,1,0,0,0,1,1456,1455,after_check,0,,,,,,,,,committed,35.89697265625,EXECUTE,authorization_committed,13.711833002162166,13.71970800391864,0.007875001756474376,18.514874987886287,26.167042000452057,43.4312500001397,18.660499990801327,32.22670799004845,32.23458299180493
60,xair_atomic,1,5.0,0.0,concurrent,1,0,0,0,1,1458,1457,after_check,0,,,,,,,,,committed,33.902099609375,EXECUTE,authorization_committed,15.374374997918494,15.382458004751243,0.008083006832748652,16.063500006566755,23.72233300411608,40.82037501211744,16.209624998737127,31.43787500448525,31.445958011317998
61,xair_atomic,1,5.0,0.0,concurrent,1,0,0,0,1,1460,1459,after_check,0,,,,,,,,,committed,36.0419921875,EXECUTE,authorization_committed,17.804749993956648,17.823333997512236,0.018584003555588424,15.47245800611563,21.57712500775233,40.26525000517722,15.60891700501088,33.27720800007228,33.29579200362787
62,xair_atomic,1,5.0,0.0,concurrent,1,0,0,0,1,1462,1461,after_check,0,,,,,,,,,committed,37.14697265625,EXECUTE,authorization_committed,14.855957997497171,14.866292010992765,0.010334013495594263,19.493250001687557,26.582417005556636,44.173667003633454,19.583291999879293,34.34920799918473,34.35954201268032
63,xair_atomic,1,5.0,0.0,concurrent,1,0,0,0,1,1464,1463,after_check,0,,,,,,,,,committed,37.445068359375,EXECUTE,authorization_committed,14.659417007351294,14.67991700337734,0.020499996026046574,17.620792001252994,25.262042006943375,42.031375007354654,17.75566700962372,32.28020900860429,32.300709004630335
64,xair_atomic,1,5.0,0.0,concurrent,1,0,0,0,1,1466,1465,after_check,0,,,,,,,,,committed,37.2080078125,EXECUTE,authorization_committed,15.901458988082595,15.91399998869747,0.012541000614874065,18.152458011172712,24.200583007768728,40.04283300309908,18.269625012180768,34.05391699925531,34.06645799987018
65,xair_atomic,1,5.0,0.0,concurrent,1,0,0,0,1,1468,1467,after_check,0,,,,,,,,,committed,35.678955078125,EXECUTE,authorization_committed,16.033583000535145,16.04237500578165,0.008792005246505141,16.908000005059876,24.558500008424744,42.0285000000149,17.049916001269594,32.94158300559502,32.950375010841526
66,xair_atomic,1,5.0,0.0,concurrent,1,0,0,0,1,1470,1469,after_check,0,,,,,,,,,committed,34.43408203125,EXECUTE,authorization_committed,13.766916992608458,13.7802919925889,0.013374999980442226,15.692250002757646,23.34533400426153,39.41395900619682,15.838167004403658,29.459166995366104,29.472541995346546
67,xair_atomic,0,,0.0,control,1,0,0,0,0,,1471,control,0,,,,,,,,,committed,40.077880859375,EXECUTE,authorization_committed,17.98558299196884,17.99758299603127,0.01200000406242907,17.808167001930997,,,17.81245799793396,35.79374999389984,35.805749997962266
68,xair_atomic,1,5.0,0.0,concurrent,1,0,0,0,1,1473,1472,after_check,0,,,,,,,,,committed,36.126953125,EXECUTE,authorization_committed,14.768666995223612,14.780041994526982,0.011374999303370714,17.793833001633175,25.45366699632723,43.11129200505093,17.943625003681518,32.562499996856786,32.57387499616016
69,xair_atomic,1,5.0,0.0,concurrent,1,0,0,0,1,1475,1474,after_check,0,,,,,,,,,committed,40.363037109375,EXECUTE,authorization_committed,19.881083004293032,19.89708299515769,0.015999990864656866,16.81658299639821,24.52274999814108,45.64612499962095,17.010458002914675,36.69766600069124,36.7136659915559
70,xair_atomic,0,,0.0,control,1,0,0,0,0,,1476,control,0,,,,,,,,,committed,32.830078125,EXECUTE,authorization_committed,12.93654199980665,12.952959004906006,0.016417005099356174,15.439249997143634,,,15.447625002707355,28.375791996950284,28.39220900204964
71,xair_atomic,1,5.0,0.0,concurrent,1,0,0,0,1,1478,1477,after_check,0,,,,,,,,,committed,34.865966796875,EXECUTE,authorization_committed,14.881708004395477,14.894874999299645,0.01316699490416795,17.768666992196813,25.092374999076128,42.05291699327063,17.91704198694788,32.65037499659229,32.66354199149646
72,xair_atomic,0,,0.0,control,1,0,0,0,0,,1479,control,0,,,,,,,,,committed,37.06298828125,EXECUTE,authorization_committed,13.639957993291318,13.648540989379399,0.008582996088080108,17.309584000031464,,,17.313584001385607,30.949541993322782,30.958124989410862
73,xair_atomic,1,5.0,0.0,concurrent,1,0,0,0,1,1481,1480,after_check,0,,,,,,,,,committed,39.117919921875,EXECUTE,authorization_committed,14.337000000523403,14.353249993291683,0.016249992768280208,19.77962499950081,26.801832995261066,103.92058300203644,19.955083000240847,34.116625000024214,34.132874992792495
74,xair_atomic,0,,0.0,control,1,0,0,0,0,,1482,control,0,,,,,,,,,committed,36.19091796875,EXECUTE,authorization_committed,13.74645798932761,13.756582993664779,0.01012500433716923,17.790917001548223,,,17.79583298775833,31.537374990875833,31.547499995213002
75,xair_atomic,0,,0.0,control,1,0,0,0,0,,1483,control,0,,,,,,,,,committed,36.7919921875,EXECUTE,authorization_committed,14.62533300218638,14.642666996223852,0.01733399403747171,16.009083003154956,,,16.017665999243036,30.634416005341336,30.651749999378808
76,xair_atomic,1,5.0,0.0,concurrent,1,0,0,0,1,1485,1484,after_check,0,,,,,,,,,committed,36.783935546875,EXECUTE,authorization_committed,14.610541009460576,14.629583005444147,0.019041995983570814,17.06374999776017,23.812208004528657,41.562166006769985,17.2635830094805,31.674291007220745,31.693333003204316
77,xair_atomic,1,5.0,0.0,concurrent,1,0,0,0,1,1487,1486,after_check,0,,,,,,,,,committed,33.47607421875,EXECUTE,authorization_committed,17.041790997609496,17.076749994885176,0.034958997275680304,14.752709001186304,21.938874997431412,41.73166700638831,14.872750005451962,31.7944999987958,31.82945899607148
78,xair_atomic,1,5.0,0.0,concurrent,1,0,0,0,1,1489,1488,after_check,0,,,,,,,,,committed,33.6669921875,EXECUTE,authorization_committed,14.535374997649342,14.55095800338313,0.015583005733788013,15.65620899782516,23.30483400146477,39.19549999409355,15.789624987519346,30.191583995474502,30.20716700120829
79,xair_atomic,1,5.0,0.0,concurrent,1,0,0,0,1,1491,1490,after_check,0,,,,,,,,,committed,33.634033203125,EXECUTE,authorization_committed,14.78704100009054,14.801333003561012,0.014292003470472991,15.69362499867566,23.36233299865853,39.937624998856336,15.85729100042954,30.4806659987662,30.49495800223667
80,xair_atomic,0,,0.0,control,1,0,0,0,0,,1492,control,0,,,,,,,,,committed,32.3720703125,EXECUTE,authorization_committed,13.645208004163578,13.654583002789877,0.009374998626299202,15.681083998060785,,,15.687749997596256,29.326292002224363,29.335667000850663
81,xair_atomic,0,,0.0,control,1,0,0,0,0,,1493,control,0,,,,,,,,,committed,38.547119140625,EXECUTE,authorization_committed,16.919042012887076,16.932042010012083,0.012999997125007212,16.817625000840053,,,16.824000005726703,33.73666701372713,33.749667010852136
82,xair_atomic,1,10.0,0.0,after_release,1,0,0,0,1,1495,1494,after_check,0,,,,,,,,,committed,33.405029296875,EXECUTE,authorization_committed,13.097333998302929,13.107125007081777,0.009791008778847754,15.766750002512708,29.997792007634416,45.792917007929645,15.929875007714145,28.864084000815637,28.873875009594485
83,xair_atomic,0,,0.0,control,1,0,0,0,0,,1496,control,0,,,,,,,,,committed,37.068115234375,EXECUTE,authorization_committed,17.98562498879619,17.993208995903842,0.007584007107652724,15.63116601028014,,,15.635583011317067,33.61679099907633,33.62437500618398
84,xair_atomic,0,,0.0,control,1,0,0,0,0,,1497,control,0,,,,,,,,,committed,33.052978515625,EXECUTE,authorization_committed,13.033249997533858,13.040917008765973,0.007667011232115328,15.664999998989515,,,15.66833299875725,28.698249996523373,28.705917007755488
85,xair_atomic,1,10.0,0.0,concurrent,1,0,0,0,1,1499,1498,after_check,0,,,,,,,,,committed,97.113037109375,EXECUTE,authorization_committed,16.302290998282842,16.316332999849692,0.014042001566849649,17.878792001283728,29.292250008438714,43.94433301058598,18.024292003246956,34.18108299956657,34.19512500113342
86,xair_atomic,1,10.0,0.0,concurrent,1,0,0,0,1,1501,1500,after_check,0,,,,,,,,,committed,33.8759765625,EXECUTE,authorization_committed,13.545791996875778,13.558749997173436,0.012958000297658145,16.121124994242564,27.461916994070634,45.13245799171273,16.249291991698556,29.66691699111834,29.679874991416
87,xair_atomic,1,10.0,0.0,concurrent,1,0,0,0,1,1503,1502,after_check,0,,,,,,,,,committed,38.31689453125,EXECUTE,authorization_committed,14.931375000742264,14.95112499105744,0.019749990315176547,18.742917003692128,32.95770799741149,50.201749996631406,18.917916997452267,33.67429200443439,33.69404199474957
88,xair_atomic,1,10.0,0.0,concurrent,1,0,0,0,1,1505,1504,after_check,0,,,,,,,,,committed,35.97509765625,EXECUTE,authorization_committed,14.921750000212342,14.931832993170246,0.010082992957904935,16.777833006926812,29.482291007298045,48.49062500579748,16.852790999109857,31.699583007139154,31.70966600009706
89,xair_atomic,1,10.0,0.0,after_release,1,0,0,0,1,1507,1506,after_check,0,,,,,,,,,committed,33.345947265625,EXECUTE,authorization_committed,13.69166700169444,13.70458300516475,0.012916003470309079,15.658707998227328,30.513916004565544,45.19616600009613,15.805499991984107,29.35037499992177,29.363291003392078
90,xair_atomic,1,10.0,0.0,concurrent,1,0,0,0,1,1509,1508,after_check,0,,,,,,,,,committed,34.154052734375,EXECUTE,authorization_committed,13.48024999606423,13.487917007296346,0.007667011232115328,16.717082995455712,27.58824999909848,44.206915990798734,16.844582991325296,30.197332991519943,30.205000002752058
91,xair_atomic,1,10.0,0.0,concurrent,1,0,0,0,1,1511,1510,after_check,0,,,,,,,,,committed,34.2890625,EXECUTE,authorization_committed,13.491000005160458,13.502875008271076,0.0118750031106174,15.92424999398645,28.439749992685392,44.28837499290239,16.059332992881536,29.41524999914691,29.427125002257526
92,xair_atomic,1,10.0,0.0,after_release,1,0,0,0,1,1513,1512,after_check,0,,,,,,,,,committed,36.381103515625,EXECUTE,authorization_committed,13.06458299222868,13.080541000817902,0.015958008589223027,16.67283399729058,31.83070899103768,47.847958994680084,16.822334000607952,29.73741698951926,29.753374998108484
93,xair_atomic,1,10.0,0.0,after_release,1,0,0,0,1,1515,1514,after_check,0,,,,,,,,,committed,36.4208984375,EXECUTE,authorization_committed,13.547125010518357,13.56383399979677,0.016708989278413355,18.113540994818322,32.011332994443364,50.40670800372027,18.297332993824966,31.66066600533668,31.677374994615093
94,xair_atomic,0,,0.0,control,1,0,0,0,0,,1516,control,0,,,,,,,,,committed,38.654052734375,EXECUTE,authorization_committed,16.901042006793432,16.923333998420276,0.02229199162684381,18.227790991659276,,,18.2374159921892,35.12883299845271,35.15112499007955
95,xair_atomic,1,10.0,0.0,concurrent,1,0,0,0,1,1518,1517,after_check,0,,,,,,,,,committed,40.198974609375,EXECUTE,authorization_committed,15.315374999772757,15.33058300265111,0.015208002878353,21.008374998928048,31.600041009369306,45.75600000680424,21.13725000526756,36.323749998700805,36.33895800157916
96,xair_atomic,1,10.0,0.0,concurrent,1,0,0,0,1,1520,1519,after_check,0,,,,,,,,,committed,32.77294921875,EXECUTE,authorization_committed,16.04612500523217,16.06237499800045,0.016249992768280208,15.723083008197136,26.14450000692159,41.53512501216028,15.862500004004687,31.769208013429306,31.785458006197587
97,xair_atomic,1,10.0,0.0,after_release,1,0,0,0,1,1522,1521,after_check,0,,,,,,,,,committed,32.68408203125,EXECUTE,authorization_committed,13.691166008356959,13.702000011107884,0.01083400275092572,15.919124998617917,30.72320800856687,48.07175000314601,16.047750003053807,29.610291006974876,29.6211250097258
98,xair_atomic,1,10.0,0.0,concurrent,1,0,0,0,1,1524,1523,after_check,0,,,,,,,,,committed,34.544921875,EXECUTE,authorization_committed,13.738541994825937,13.747791992500424,0.009249997674487531,16.44204100011848,29.830665996996686,42.75737499119714,16.581999996560626,30.180582994944416,30.189832992618904
99,xair_atomic,1,10.0,0.0,concurrent,1,0,0,0,1,1526,1525,after_check,0,,,,,,,,,committed,37.6630859375,EXECUTE,authorization_committed,18.2670830108691,18.275000009452924,0.007916998583823442,15.709749990492128,30.8525829896098,50.819582989788614,15.853749995585531,33.97683300136123,33.98474999994505
100,xair_atomic,1,10.0,0.0,concurrent,1,0,0,0,1,1528,1527,after_check,0,,,,,,,,,committed,33.49609375,EXECUTE,authorization_committed,13.210375007474795,13.227208008174784,0.016833000699989498,16.580083989538252,27.261583993094973,43.76741699525155,16.7802919895621,29.790458997013047,29.807291997713037
101,xair_atomic,1,10.0,0.0,concurrent,1,0,0,0,1,1530,1529,after_check,0,,,,,,,,,committed,35.821044921875,EXECUTE,authorization_committed,15.845458008698188,15.855333011131734,0.009875002433545887,16.33025000046473,27.82033300900366,41.84287501266226,16.42208300472703,32.17570800916292,32.185583011596464
102,xair_atomic,1,10.0,0.0,concurrent,1,0,0,0,1,1532,1531,after_check,0,,,,,,,,,committed,33.758056640625,EXECUTE,authorization_committed,12.765374995069578,12.784333986928686,0.01895899185910821,17.61358301155269,28.446958007407375,45.24420799862128,17.766625009244308,30.37895800662227,30.397916998481378
103,xair_atomic,0,,0.0,control,1,0,0,0,0,,1533,control,0,,,,,,,,,committed,38.281982421875,EXECUTE,authorization_committed,16.828291001729667,16.849999999976717,0.02170899824704975,16.85679200454615,,,16.866500009200536,33.68508300627582,33.70679200452287
104,xair_atomic,0,,0.0,control,1,0,0,0,0,,1534,control,0,,,,,,,,,committed,35.196044921875,EXECUTE,authorization_committed,14.857624992146157,14.872792002279311,0.01516701013315469,16.77712499804329,,,16.785667001386173,31.634749990189448,31.649917000322603
105,xair_atomic,1,10.0,0.0,concurrent,1,0,0,0,1,1536,1535,after_check,0,,,,,,,,,committed,34.68798828125,EXECUTE,authorization_committed,12.223249999806285,12.235375004820526,0.012125005014240742,16.86991700262297,27.453750008135103,43.64887499832548,17.01929200498853,29.093167002429254,29.105292007443495
106,xair_atomic,1,10.0,0.0,concurrent,1,0,0,0,1,1538,1537,after_check,0,,,,,,,,,committed,36.261962890625,EXECUTE,authorization_committed,13.324457991984673,13.333875001990236,0.009417010005563498,17.63191699865274,28.86654199392069,45.97487499995623,17.78808399103582,30.956374990637414,30.965792000642978
107,xair_atomic,1,10.0,0.0,concurrent,1,0,0,0,1,1540,1539,after_check,0,,,,,,,,,committed,38.951904296875,EXECUTE,authorization_committed,19.11837499937974,19.128166008158587,0.009791008778847754,15.679542004363611,26.51620800315868,55.94162500347011,15.827583003556356,34.79791700374335,34.8077080125222
108,xair_atomic,1,10.0,0.0,after_release,1,0,0,0,1,1542,1541,after_check,0,,,,,,,,,committed,36.283935546875,EXECUTE,authorization_committed,13.873791001969948,13.892916002077982,0.01912500010803342,16.47491700714454,31.68995800660923,47.40408300131094,16.681083012372255,30.34870800911449,30.367833009222522
109,xair_atomic,0,,0.0,control,1,0,0,0,0,,1543,control,0,,,,,,,,,committed,37.069091796875,EXECUTE,authorization_committed,14.671791999717243,14.696541999001056,0.02474999928381294,17.1547080099117,,,17.165625002235174,31.826500009628944,31.851250008912757
110,xair_atomic,1,10.0,0.0,concurrent,1,0,0,0,1,1545,1544,after_check,0,,,,,,,,,committed,31.491943359375,EXECUTE,authorization_committed,12.695666999206878,12.709458009339869,0.013791010132990777,15.70241698937025,27.058041989221238,44.219583985977806,15.845666988752782,28.398083988577127,28.41187499871012
111,xair_atomic,1,10.0,0.0,concurrent,1,0,0,0,1,1547,1546,after_check,0,,,,,,,,,committed,35.701904296875,EXECUTE,authorization_committed,14.318000001367182,14.328874996863306,0.01087499549612403,16.95908300462179,29.201042008935474,45.87516700848937,17.095167000661604,31.27708300598897,31.287958001485094
112,xair_atomic,0,,0.0,control,1,0,0,0,0,,1548,control,0,,,,,,,,,committed,36.093017578125,EXECUTE,authorization_committed,14.796667004702613,14.805416998569854,0.008749993867240846,14.692540993564762,,,14.697249993332662,29.489207998267375,29.497957992134616
113,xair_atomic,1,10.0,0.0,concurrent,1,0,0,0,1,1550,1549,after_check,0,,,,,,,,,committed,34.387939453125,EXECUTE,authorization_committed,13.378332994761877,13.39708300656639,0.018750011804513633,16.10470899322536,27.00529199501034,43.59433399804402,16.250708998995833,29.483041987987235,29.50179199979175
114,xair_atomic,1,10.0,0.0,after_release,1,0,0,0,1,1552,1551,after_check,0,,,,,,,,,committed,37.162109375,EXECUTE,authorization_committed,13.524542009690776,13.5418340069009,0.017291997210122645,18.84175000304822,34.03712500585243,52.401875000214204,19.031167001230642,32.366292012738995,32.38358400994912
115,xair_atomic,1,10.0,0.0,after_release,1,0,0,0,1,1554,1553,after_check,0,,,,,,,,,committed,35.1220703125,EXECUTE,authorization_committed,13.68966700101737,13.69991700630635,0.010250005288980901,16.66879099502694,30.777000007219613,46.18591599864885,16.769124995335005,30.358457996044308,30.36870800133329
116,xair_atomic,1,10.0,0.0,concurrent,1,0,0,0,1,1556,1555,after_check,0,,,,,,,,,committed,37.52099609375,EXECUTE,authorization_committed,14.370500008226372,14.389167001354508,0.0186669931281358,19.13091698952485,30.30154199223034,48.13004199240822,19.315666999318637,33.50141699775122,33.52008399087936
117,xair_atomic,1,10.0,0.0,concurrent,1,0,0,0,1,1558,1557,after_check,0,,,,,,,,,committed,42.45703125,EXECUTE,authorization_committed,21.302792010828853,21.318667000741698,0.015874989912845194,19.5669579989044,30.733667008462362,45.786208007484674,19.73625000391621,40.86975000973325,40.8856249996461
118,xair_atomic,0,,0.0,control,1,0,0,0,0,,1559,control,0,,,,,,,,,committed,34.948974609375,EXECUTE,authorization_committed,14.080958993872628,14.093166988459416,0.012207994586788118,16.946875010035,,,16.951666999375448,31.02783400390763,31.040041998494416
119,xair_atomic,1,10.0,0.0,concurrent,1,0,0,0,1,1561,1560,after_check,0,,,,,,,,,committed,41.22900390625,EXECUTE,authorization_committed,16.969250005786307,16.98575000045821,0.01649999467190355,18.62016700033564,28.953000000910833,44.40120900108013,18.733749995590188,35.58941700612195,35.60591700079385
120,xair_atomic,0,,0.0,control,1,0,0,0,0,,1562,control,0,,,,,,,,,committed,44.39990234375,EXECUTE,authorization_committed,16.609416998107918,16.629207995720208,0.019790997612290084,16.462542000226676,,,16.467959008878097,33.071958998334594,33.091749995946884
121,xair_atomic,1,20.0,0.0,after_release,1,0,0,0,1,1564,1563,after_check,0,,,,,,,,,committed,36.472900390625,EXECUTE,authorization_committed,16.189832997042686,16.19945799757261,0.009625000529922545,15.62950000516139,37.76641600416042,51.86975000833627,15.769290999742225,31.819333002204075,31.828958002733998
122,xair_atomic,1,20.0,0.0,after_release,1,0,0,0,1,1566,1565,after_check,0,,,,,,,,,committed,40.196044921875,EXECUTE,authorization_committed,14.690084004541859,14.708375005284324,0.018291000742465258,21.200124989263713,51.4172089897329,74.22304200008512,21.401666992460378,35.89020899380557,35.90849999454804
123,xair_atomic,1,20.0,0.0,after_release,1,0,0,0,1,1568,1567,after_check,0,,,,,,,,,committed,41.4580078125,EXECUTE,authorization_committed,14.7668339923257,14.783958991756663,0.017124999430961907,18.875250010751188,40.71270900021773,57.89862500387244,19.012542004929855,33.64208400307689,33.65920900250785
124,xair_atomic,1,20.0,0.0,after_release,1,0,0,0,1,1570,1569,after_check,0,,,,,,,,,committed,39.846923828125,EXECUTE,authorization_committed,14.181249993271194,14.196249991073273,0.014999997802078724,18.391874997178093,41.16966600122396,57.98941598914098,18.56716600013897,32.57312499044929,32.588124988251366
125,xair_atomic,1,20.0,0.0,after_release,1,0,0,0,1,1572,1571,after_check,0,,,,,,,,,committed,40.49609375,EXECUTE,authorization_committed,17.338124991510995,17.35258399276063,0.01445900124963373,20.550541012198664,49.36895800346974,63.71100000978913,20.681375011918135,37.88866600370966,37.90312500495929
126,xair_atomic,1,20.0,0.0,after_release,1,0,0,0,1,1574,1573,after_check,0,,,,,,,,,committed,36.446044921875,EXECUTE,authorization_committed,14.837458002148196,14.849749990389682,0.012291988241486251,17.964083002880216,48.10404099407606,67.72554099734407,18.095040999469347,32.80154100502841,32.8138329932699
127,xair_atomic,1,20.0,0.0,concurrent,1,0,0,0,1,1576,1575,after_check,0,,,,,,,,,committed,45.18701171875,EXECUTE,authorization_committed,22.005916995112784,22.016207993146963,0.01029099803417921,18.26170799904503,38.860082990140654,55.088957989937626,18.432665994623676,40.26762499415781,40.27791599219199
128,xair_atomic,1,20.0,0.0,after_release,1,0,0,0,1,1578,1577,after_check,0,,,,,,,,,committed,41.7548828125,EXECUTE,authorization_committed,15.53529100783635,15.557916005491279,0.022624997654929757,22.611083986703306,49.35924999881536,63.87783399259206,22.822374987299554,38.146374994539656,38.168999992194586
129,xair_atomic,0,,0.0,control,1,0,0,0,0,,1579,control,0,,,,,,,,,committed,38.97412109375,EXECUTE,authorization_committed,13.135333007085137,13.148625002941117,0.013291995855979621,18.94754199020099,,,18.956250001792796,32.082874997286126,32.096166993142106
130,xair_atomic,1,20.0,0.0,after_release,1,0,0,0,1,1581,1580,after_check,0,,,,,,,,,committed,33.6669921875,EXECUTE,authorization_committed,14.512916008243337,14.525916005368344,0.012999997125007212,15.509374992689118,38.76016598951537,52.948207987356,15.658207994420081,30.022291000932455,30.035290998057462
131,xair_atomic,1,20.0,0.0,after_release,1,0,0,0,1,1583,1582,after_check,0,,,,,,,,,committed,38.739990234375,EXECUTE,authorization_committed,13.731625003856607,13.746665994403884,0.015040990547277033,16.95645900326781,44.66100000718143,61.64595900918357,17.107459003455006,30.688084007124417,30.703124997671694
132,xair_atomic,0,,0.0,control,1,0,0,0,0,,1584,control,0,,,,,,,,,committed,32.989013671875,EXECUTE,authorization_committed,12.201624995213933,12.211749999551103,0.01012500433716923,15.66504201036878,,,15.669459011405706,27.866667005582713,27.876792009919882
133,xair_atomic,1,20.0,0.0,after_release,1,0,0,0,1,1586,1585,after_check,0,,,,,,,,,committed,38.31005859375,EXECUTE,authorization_committed,16.739917002269067,16.75341700320132,0.013500000932253897,16.201375008677132,43.52145800658036,59.221292001893744,16.363333008484915,32.9412920109462,32.95479201187845
134,xair_atomic,1,20.0,0.0,after_release,1,0,0,0,1,1588,1587,after_check,0,,,,,,,,,committed,35.31103515625,EXECUTE,authorization_committed,15.053750001243316,15.076708004926331,0.022958003683015704,16.597458990872838,41.92599999078084,59.29799999285024,16.830416992888786,31.651208992116153,31.67416699579917
135,xair_atomic,1,20.0,0.0,after_release,1,0,0,0,1,1590,1589,after_check,0,,,,,,,,,committed,34.089111328125,EXECUTE,authorization_committed,12.241874996107072,12.256959002115764,0.015084006008692086,16.787540997029282,41.65833299339283,57.95699999725912,16.920457986998372,29.029415993136354,29.044499999145046
136,xair_atomic,0,,0.0,control,1,0,0,0,0,,1591,control,0,,,,,,,,,committed,33.26806640625,EXECUTE,authorization_committed,14.558916998794302,14.569207996828482,0.01029099803417921,15.693000008468516,,,15.698750008596107,30.25191700726282,30.262208005296998
137,xair_atomic,1,20.0,0.0,after_release,1,0,0,0,1,1593,1592,after_check,0,,,,,,,,,committed,34.548095703125,EXECUTE,authorization_committed,13.679042007424869,13.686292004422285,0.0072499969974160194,16.779707992100157,44.77824999776203,59.80062499293126,16.91904199833516,30.458749999525025,30.46599999652244
138,xair_atomic,1,20.0,0.0,after_release,1,0,0,0,1,1595,1594,after_check,0,,,,,,,,,committed,33.7548828125,EXECUTE,authorization_committed,13.74812499852851,13.755583990132436,0.007458991603925824,16.943250011536293,47.07991699979175,62.40945900208317,17.08116701047402,30.691375010064803,30.69883400166873
139,xair_atomic,1,20.0,0.0,after_release,1,0,0,0,1,1597,1596,after_check,0,,,,,,,,,committed,33.720947265625,EXECUTE,authorization_committed,12.928165990160778,12.947082999744453,0.01891700958367437,15.287209011148661,42.55779201048426,60.00516700441949,15.426875004777685,28.21537500130944,28.234292010893114
140,xair_atomic,1,20.0,0.0,after_release,1,0,0,0,1,1599,1598,after_check,0,,,,,,,,,committed,34.50390625,EXECUTE,authorization_committed,12.682833999861032,12.69375000265427,0.010916002793237567,17.153458000393584,39.20849999121856,54.07908299821429,17.283042005146854,29.836292000254616,29.847208003047854
141,xair_atomic,1,20.0,0.0,after_release,1,0,0,0,1,1601,1600,after_check,0,,,,,,,,,committed,36.114013671875,EXECUTE,authorization_committed,15.871542011154816,15.890584007138386,0.019041995983570814,15.879999991739169,45.339042000705376,62.13454199314583,16.080250003142282,31.751542002893984,31.770583998877555
142,xair_atomic,1,20.0,0.0,after_release,1,0,0,0,1,1603,1602,after_check,0,,,,,,,,,committed,38.431884765625,EXECUTE,authorization_committed,16.717083010007627,16.736874997150153,0.019791987142525613,17.76741699723061,45.85458300425671,64.22295799711719,17.976250004721805,34.48450000723824,34.504291994380765
143,xair_atomic,1,20.0,0.0,after_release,1,0,0,0,1,1605,1604,after_check,0,,,,,,,,,committed,31.925048828125,EXECUTE,authorization_committed,12.786500010406598,12.800124997738749,0.01362498733215034,15.609458991093561,45.54162498970982,61.13987498974893,15.725124991149642,28.39595900150016,28.40958398883231
144,xair_atomic,0,,0.0,control,1,0,0,0,0,,1606,control,0,,,,,,,,,committed,33.3369140625,EXECUTE,authorization_committed,13.996083987876773,14.012749990797602,0.01666600292082876,15.308791000279598,,,15.317249999498017,29.30487498815637,29.3215409910772
145,xair_atomic,1,20.0,0.0,after_release,1,0,0,0,1,1608,1607,after_check,0,,,,,,,,,committed,38.97705078125,EXECUTE,authorization_committed,16.729415990994312,16.748582987929694,0.019166996935382485,18.25120901048649,48.47150000568945,63.28179199772421,18.453917000442743,34.9806250014808,34.999791998416185
146,xair_atomic,1,20.0,0.0,after_release,1,0,0,0,1,1610,1609,after_check,0,,,,,,,,,committed,36.287109375,EXECUTE,authorization_committed,15.36066600237973,15.38029100629501,0.019625003915280104,18.418209001538344,44.831084000179544,60.596209004870616,18.566958999144845,33.778875003918074,33.798500007833354
147,xair_atomic,1,20.0,0.0,after_release,1,0,0,0,1,1612,1611,after_check,0,,,,,,,,,committed,32.509033203125,EXECUTE,authorization_committed,12.84250000026077,12.854542001150548,0.012042000889778137,15.707541999290697,41.675791988382116,59.1042500018375,15.858792001381516,28.550041999551468,28.562084000441246
148,xair_atomic,1,20.0,0.0,after_release,1,0,0,0,1,1614,1613,after_check,0,,,,,,,,,committed,38.77001953125,EXECUTE,authorization_committed,13.211666999268346,13.223957997979596,0.012290998711250722,20.31637499749195,46.792916997219436,61.47066698758863,20.458832994336262,33.528041996760294,33.540332995471545
149,xair_atomic,1,20.0,0.0,after_release,1,0,0,0,1,1616,1615,after_check,0,,,,,,,,,committed,31.930908203125,EXECUTE,authorization_committed,13.313125004060566,13.326874992344528,0.013749988283962011,15.759999994770624,36.88516598776914,52.522749989293516,15.907499997410923,29.07312499883119,29.086874987115152
150,xair_atomic,1,20.0,0.0,after_release,1,0,0,0,1,1618,1617,after_check,0,,,,,,,,,committed,36.864990234375,EXECUTE,authorization_committed,17.991833010455593,18.01141700707376,0.019583996618166566,15.553416989860125,44.54195899597835,59.594916994683444,15.703999990364537,33.54525000031572,33.564833996933885
151,xair_atomic,0,,0.0,control,1,0,0,0,0,,1619,control,0,,,,,,,,,committed,34.52587890625,EXECUTE,authorization_committed,14.546666003298014,14.558374998159707,0.01170899486169219,16.726874993764795,,,16.73158300400246,31.27354099706281,31.285249991924502
152,xair_atomic,0,,0.0,control,1,0,0,0,0,,1620,control,0,,,,,,,,,committed,35.31591796875,EXECUTE,authorization_committed,13.825707996147685,13.848582995706238,0.0228749995585531,18.18858299520798,,,18.193999989307486,32.014290991355665,32.03716599091422
153,xair_atomic,1,20.0,0.0,after_release,1,0,0,0,1,1622,1621,after_check,0,,,,,,,,,committed,33.966064453125,EXECUTE,authorization_committed,14.242500008549541,14.25691699841991,0.014416989870369434,15.586082998197526,43.412166996859014,59.32233300700318,15.721250005299225,29.828583006747067,29.842999996617436
154,xair_atomic,1,20.0,0.0,after_release,1,0,0,0,1,1624,1623,after_check,0,,,,,,,,,committed,38.56396484375,EXECUTE,authorization_committed,13.73145799152553,13.747292003245093,0.015834011719562113,19.103917002212256,41.800499995588325,58.031916996696964,19.236624997574836,32.83537499373779,32.85120900545735
155,xair_atomic,0,,0.0,control,1,0,0,0,0,,1625,control,0,,,,,,,,,committed,38.297119140625,EXECUTE,authorization_committed,19.00770798965823,19.020665989955887,0.012958000297658145,15.623375002178364,,,15.629540997906588,34.63108299183659,34.64404099213425
156,xair_atomic,1,20.0,0.0,after_release,1,0,0,0,1,1627,1626,after_check,0,,,,,,,,,committed,34.470947265625,EXECUTE,authorization_committed,13.757542008534074,13.766000003670342,0.008457995136268437,16.913542000111192,47.068250001757406,62.16908400529064,17.063334002159536,30.671084008645266,30.679542003781535
157,xair_atomic,1,20.0,0.0,after_release,1,0,0,0,1,1629,1628,after_check,0,,,,,,,,,committed,31.677001953125,EXECUTE,authorization_committed,11.22491700516548,11.24120899476111,0.016291989595629275,15.736540997750126,39.3668750039069,55.981750003411435,15.909915993688628,26.961458002915606,26.977749992511235
158,xair_atomic,0,,0.0,control,1,0,0,0,0,,1630,control,0,,,,,,,,,committed,36.847900390625,EXECUTE,authorization_committed,15.783791997819208,15.807292002136819,0.023500004317611456,17.64987499336712,,,17.661332996794954,33.43366699118633,33.45716699550394
159,xair_atomic,0,,0.0,control,1,0,0,0,0,,1631,control,0,,,,,,,,,committed,36.847900390625,EXECUTE,authorization_committed,14.808457999606617,14.82387499709148,0.015416997484862804,17.150166997453198,,,17.15812498878222,31.958624997059815,31.974041994544677
160,xair_atomic,1,40.0,0.0,after_release,1,0,0,0,1,1633,1632,after_check,0,,,,,,,,,committed,34.574951171875,EXECUTE,authorization_committed,13.101999997161329,13.115957990521565,0.013957993360236287,16.94508299988229,60.31395799072925,78.25937499001157,17.08749998942949,30.047082997043617,30.061040990403853
161,xair_atomic,0,,0.0,control,1,0,0,0,0,,1634,control,0,,,,,,,,,committed,34.881103515625,EXECUTE,authorization_committed,14.206957988790236,14.216832991223782,0.009875002433545887,15.636583004379645,,,15.64179100387264,29.84354099316988,29.853415995603427
162,xair_atomic,0,,0.0,control,1,0,0,0,0,,1635,control,0,,,,,,,,,committed,36.487060546875,EXECUTE,authorization_committed,14.511792003759183,14.521125005558133,0.009333001798950136,16.75329099816736,,,16.756875003920868,31.26508300192654,31.27441600372549
163,xair_atomic,1,40.0,0.0,after_release,1,0,0,0,1,1637,1636,after_check,0,,,,,,,,,committed,40.325927734375,EXECUTE,authorization_committed,17.922334009199403,17.939917001058348,0.017582991858944297,16.70291599293705,60.33349999052007,77.563040991663,16.872832988156006,34.625250002136454,34.6428329939954
164,xair_atomic,1,40.0,0.0,after_release,1,0,0,0,1,1639,1638,after_check,0,,,,,,,,,committed,35.993896484375,EXECUTE,authorization_committed,15.393833993584849,15.402334000100382,0.008500006515532732,16.417457998613827,57.236374996136874,77.10308299283497,16.512041998794302,31.811291992198676,31.81979199871421
165,xair_atomic,1,40.0,0.0,after_release,1,0,0,0,1,1641,1640,after_check,0,,,,,,,,,committed,33.887939453125,EXECUTE,authorization_committed,12.720958999125287,12.738499994156882,0.01754099503159523,17.393041009199806,59.96429100923706,77.75183299963828,17.51758300815709,30.114000008325092,30.131541003356688
166,xair_atomic,0,,0.0,control,1,0,0,0,0,,1642,control,0,,,,,,,,,committed,35.845947265625,EXECUTE,authorization_committed,14.810792010393925,14.82275000307709,0.011957992683164775,17.85725000081584,,,17.86358401295729,32.668042011209764,32.68000000389293
167,xair_atomic,1,40.0,0.0,after_release,1,0,0,0,1,1644,1643,after_check,0,,,,,,,,,committed,36.069091796875,EXECUTE,authorization_committed,14.726624998729676,14.741417006007396,0.014792007277719676,17.275999998673797,60.08300000394229,76.96262499666773,17.427457991288975,32.00262499740347,32.01741700468119
168,xair_atomic,1,40.0,0.0,after_release,1,0,0,0,1,1646,1645,after_check,0,,,,,,,,,committed,37.387939453125,EXECUTE,authorization_committed,16.927958989981562,16.941166992182843,0.013208002201281488,15.709875005995855,60.99720900238026,79.93858400732279,15.858875005505979,32.63783399597742,32.6510419981787
169,xair_atomic,1,40.0,0.0,after_release,1,0,0,0,1,1648,1647,after_check,0,,,,,,,,,committed,36.097900390625,EXECUTE,authorization_committed,13.947500003268942,13.97358400572557,0.026084002456627786,16.14129099471029,64.74799998977687,84.13624999229796,16.36737499211449,30.08879099797923,30.11487500043586
170,xair_atomic,0,,0.0,control,1,0,0,0,0,,1649,control,0,,,,,,,,,committed,32.736083984375,EXECUTE,authorization_committed,12.659416999667883,12.675749996560626,0.016332996892742813,16.559333002078347,,,16.567708007642068,29.21875000174623,29.235082998638973
171,xair_atomic,1,40.0,0.0,after_release,1,0,0,0,1,1651,1650,after_check,0,,,,,,,,,committed,37.208984375,EXECUTE,authorization_committed,15.180207992671058,15.192916995147243,0.01270900247618556,17.645208004978485,64.40020800800994,88.24283300782554,17.78770799865015,32.82541599764954,32.83812500012573
172,xair_atomic,1,40.0,0.0,after_release,1,0,0,0,1,1653,1652,after_check,0,,,,,,,,,committed,32.798095703125,EXECUTE,authorization_committed,14.775540999835357,14.790665998589247,0.015124998753890395,14.5840839977609,56.16945899964776,74.37724999908824,14.741499995579943,29.359624997596256,29.374749996350147
173,xair_atomic,1,40.0,0.0,after_release,1,0,0,0,1,1655,1654,after_check,0,,,,,,,,,committed,33.635986328125,EXECUTE,authorization_committed,14.12887500191573,14.142291998723522,0.013416996807791293,15.6530410022242,58.77537500055041,77.22666599147487,15.787500000442378,29.78191600413993,29.79533300094772
174,xair_atomic,1,40.0,0.0,after_release,1,0,0,0,1,1657,1656,after_check,0,,,,,,,,,committed,38.139892578125,EXECUTE,authorization_committed,15.234917009365745,15.254042009473778,0.01912500010803342,17.65058300225064,63.034375009010546,80.79345800797455,17.83004100434482,32.88550001161639,32.90462501172442
175,xair_atomic,1,40.0,0.0,after_release,1,0,0,0,1,1659,1658,after_check,0,,,,,,,,,committed,36.364013671875,EXECUTE,authorization_committed,15.792624995810911,15.811459001270123,0.018834005459211767,16.98483299696818,67.21308299165685,87.24083300330676,17.20499999646563,32.77745799277909,32.7962919982383
176,xair_atomic,0,,0.0,control,1,0,0,0,0,,1660,control,0,,,,,,,,,committed,37.178955078125,EXECUTE,authorization_committed,13.584833999630064,13.600542006315663,0.015708006685599685,19.79629100242164,,,19.806166004855186,33.381125002051704,33.3968330087373
177,xair_atomic,0,,0.0,control,1,0,0,0,0,,1661,control,0,,,,,,,,,committed,34.200927734375,EXECUTE,authorization_committed,14.798707998124883,14.809415995841846,0.010707997716963291,16.621499991742894,,,16.628290992230177,31.420207989867777,31.43091598758474
178,xair_atomic,0,,0.0,control,1,0,0,0,0,,1662,control,0,,,,,,,,,committed,35.81298828125,EXECUTE,authorization_committed,12.687082999036647,12.698624996119179,0.011541997082531452,18.175624994910322,,,18.181499995989725,30.86270799394697,30.8742499910295
179,xair_atomic,1,40.0,0.0,after_release,1,0,0,0,1,1664,1663,after_check,0,,,,,,,,,committed,32.429931640625,EXECUTE,authorization_committed,13.72533300309442,13.741957998718135,0.016624995623715222,15.71229200635571,61.92945801012684,78.7110829987796,15.874667005846277,29.43762500945013,29.454250005073845
180,xair_atomic,1,40.0,0.0,after_release,1,0,0,0,1,1666,1665,after_check,0,,,,,,,,,committed,32.62890625,EXECUTE,authorization_committed,12.719542006379925,12.73129200853873,0.011750002158805728,16.771957991295494,61.826374992961064,78.92775000073016,16.923957999097183,29.49149999767542,29.503249999834225
181,xair_atomic,1,40.0,0.0,after_release,1,0,0,0,1,1668,1667,after_check,0,,,,,,,,,committed,37.083984375,EXECUTE,authorization_committed,16.015874993172474,16.046915989136323,0.031040995963849127,16.85975000145845,64.07316599506885,81.38079100172035,17.178041001898237,32.875624994630925,32.906665990594774
182,xair_atomic,1,40.0,0.0,after_release,1,0,0,0,1,1670,1669,after_check,0,,,,,,,,,committed,35.712890625,EXECUTE,authorization_committed,13.689209008589387,13.703750009881333,0.014541001291945577,17.671583002083935,65.63958300102968,83.53699999861419,17.802417001803406,31.360792010673322,31.375333011965267
183,xair_atomic,0,,0.0,control,1,0,0,0,0,,1671,control,0,,,,,,,,,committed,32.118896484375,EXECUTE,authorization_committed,12.869458994828165,12.878458990599029,0.008999995770864189,15.766166005050763,,,15.771125006722286,28.635624999878928,28.644624995649792
184,xair_atomic,1,40.0,0.0,after_release,1,0,0,0,1,1673,1672,after_check,0,,,,,,,,,committed,32.85595703125,EXECUTE,authorization_committed,12.740250007482246,12.755000003380701,0.014749995898455381,16.593291991739534,66.42816698877141,86.01120898674708,16.719249993911944,29.33354199922178,29.348291995120235
185,xair_atomic,1,40.0,0.0,after_release,1,0,0,0,1,1675,1674,after_check,0,,,,,,,,,committed,38.8720703125,EXECUTE,authorization_committed,13.70366700575687,13.721249997615814,0.017582991858944297,20.73579200077802,68.38712500757538,86.83754199591931,20.89166700898204,34.43945900653489,34.457041998393834
186,xair_atomic,1,40.0,0.0,after_release,1,0,0,0,1,1677,1676,after_check,0,,,,,,,,,committed,33.236083984375,EXECUTE,authorization_committed,14.053042003070004,14.075333994696848,0.02229199162684381,16.744916007155553,64.84179101244081,85.91908300877549,16.831790999276564,30.797958010225557,30.8202500018524
187,xair_atomic,1,40.0,0.0,after_release,1,0,0,0,1,1679,1678,after_check,0,,,,,,,,,committed,37.77197265625,EXECUTE,authorization_committed,13.046832988038659,13.062791986158118,0.015958998119458556,17.07208300649654,58.73720800445881,77.4775000027148,17.24408300651703,30.1189159945352,30.13487499265466
188,xair_atomic,1,40.0,0.0,after_release,1,0,0,0,1,1681,1680,after_check,0,,,,,,,,,committed,36.876953125,EXECUTE,authorization_committed,13.9715000113938,13.985958008561283,0.014457997167482972,18.105499999364838,62.609291009721346,132.0020410057623,18.251790999784134,32.07700001075864,32.09145800792612
189,xair_atomic,1,40.0,0.0,after_release,1,0,0,0,1,1683,1682,after_check,0,,,,,,,,,committed,32.115966796875,EXECUTE,authorization_committed,12.77483299782034,12.788249994628131,0.013416996807791293,15.555082994978875,59.85862499801442,76.37674998841248,15.70483300019987,28.329915992799215,28.343332989607006
190,xair_atomic,0,,0.0,control,1,0,0,0,0,,1684,control,0,,,,,,,,,committed,34.760009765625,EXECUTE,authorization_committed,12.638542000786401,12.658624997129664,0.020082996343262494,17.595375000382774,,,17.604000007850118,30.233917001169175,30.253999997512437
191,xair_atomic,1,40.0,0.0,after_release,1,0,0,0,1,1686,1685,after_check,0,,,,,,,,,committed,41.324951171875,EXECUTE,authorization_committed,17.938707998837344,17.949000000953674,0.010292002116329968,18.767000001389533,62.29866700596176,79.86145799804945,18.920250004157424,36.70570800022688,36.71600000234321
192,xair_atomic,1,40.0,0.0,after_release,1,0,0,0,1,1688,1687,after_check,0,,,,,,,,,committed,35.8359375,EXECUTE,authorization_committed,16.723124994314276,16.73629200377036,0.013167009456083179,16.895249995286576,59.04187499254476,78.11404200037941,17.03750000160653,33.61837498960085,33.631541999056935
193,xair_atomic,1,40.0,0.0,after_release,1,0,0,0,1,1690,1689,after_check,0,,,,,,,,,committed,36.610107421875,EXECUTE,authorization_committed,14.771208996535279,14.780541998334229,0.009333001798950136,16.908458012039773,62.903417012421414,82.83220800512936,17.048917012289166,31.679667008575052,31.689000010374002
194,xair_atomic,1,40.0,0.0,after_release,1,0,0,0,1,1692,1691,after_check,0,,,,,,,,,committed,35.76904296875,EXECUTE,authorization_committed,16.809042004751973,16.818542004330084,0.009499999578110874,15.662707999581471,59.51554200146347,80.05704199604224,15.809832999366336,32.471750004333444,32.481250003911555
195,xair_atomic,0,,0.0,control,1,0,0,0,0,,1693,control,0,,,,,,,,,committed,35.04296875,EXECUTE,authorization_committed,13.728124991757795,13.746999989962205,0.018874998204410076,15.584166001644917,,,15.592708004987799,29.312290993402712,29.331165991607122
196,xair_atomic,1,40.0,0.0,concurrent,1,0,0,0,1,1695,1694,after_check,0,,,,,,,,,committed,100.7880859375,EXECUTE,authorization_committed,81.08012498996686,81.10124999075197,0.02112500078510493,16.71291700040456,66.53304200153798,104.23874999105465,16.800124998553656,97.79304199037142,97.81416699115653
197,xair_atomic,1,40.0,0.0,after_release,1,0,0,0,1,1697,1696,after_check,0,,,,,,,,,committed,34.680908203125,EXECUTE,authorization_committed,15.629582994733937,15.649124994524755,0.0195419997908175,15.834332996746525,59.709499997552484,79.01404099538922,16.022249998059124,31.463915991480462,31.48345799127128
198,xair_atomic,1,40.0,0.0,after_release,1,0,0,0,1,1699,1698,after_check,0,,,,,,,,,committed,38.260009765625,EXECUTE,authorization_committed,15.215749997878447,15.23658299993258,0.02083300205413252,18.742667001788504,62.45837500318885,85.36433400877286,18.94725000602193,33.95841699966695,33.979250001721084
199,xair_atomic,1,40.0,0.0,after_release,1,0,0,0,1,1701,1700,after_check,0,,,,,,,,,committed,34.301025390625,EXECUTE,authorization_committed,13.711040999623947,13.727333003771491,0.016292004147544503,16.55320900317747,57.47574999986682,76.29183400422335,16.70087499951478,30.26425000280142,30.280542006948963
