run,baseline,valid_intent,outcome,reason,gateway_released,wrongful_revoke,e2e_latency_ms
0,local,1,EXECUTE,local_guard_passed,1,0,30.27275799831841
1,local,1,EXECUTE,local_guard_passed,1,0,29.457302996888757
2,local,1,EXECUTE,local_guard_passed,1,0,24.453067002468742
3,local,1,EXECUTE,local_guard_passed,1,0,30.90493899071589
4,local,1,EXECUTE,local_guard_passed,1,0,26.36571798939258
5,local,1,EXECUTE,local_guard_passed,1,0,22.255178992054425
6,local,1,EXECUTE,local_guard_passed,1,0,27.54344900313299
7,local,1,EXECUTE,local_guard_passed,1,0,28.185036004288122
8,local,1,EXECUTE,local_guard_passed,1,0,23.836257998482324
9,local,1,EXECUTE,local_guard_passed,1,0,38.395096999011
10,local,1,EXECUTE,local_guard_passed,1,0,28.182129011838697
11,local,1,EXECUTE,local_guard_passed,1,0,29.06482400430832
12,local,1,EXECUTE,local_guard_passed,1,0,26.807287998963147
13,local,1,EXECUTE,local_guard_passed,1,0,31.80335600336548
14,local,1,EXECUTE,local_guard_passed,1,0,26.80319600040093
15,local,1,EXECUTE,local_guard_passed,1,0,26.09981301066
16,local,1,EXECUTE,local_guard_passed,1,0,31.09297400806099
17,local,1,EXECUTE,local_guard_passed,1,0,29.16478700353764
18,local,1,EXECUTE,local_guard_passed,1,0,27.189118991373107
19,local,1,EXECUTE,local_guard_passed,1,0,26.964269010932185
20,local,1,EXECUTE,local_guard_passed,1,0,29.04400999250356
21,local,1,EXECUTE,local_guard_passed,1,0,29.099824008881114
22,local,1,EXECUTE,local_guard_passed,1,0,26.35338499385398
23,local,1,EXECUTE,local_guard_passed,1,0,26.618752992362715
24,local,1,EXECUTE,local_guard_passed,1,0,28.558995996718295
25,local,1,EXECUTE,local_guard_passed,1,0,29.473617993062362
26,local,1,EXECUTE,local_guard_passed,1,0,29.122193998773582
27,local,1,EXECUTE,local_guard_passed,1,0,26.49860600649845
28,local,1,EXECUTE,local_guard_passed,1,0,31.03782600373961
29,local,1,EXECUTE,local_guard_passed,1,0,28.932400004123338
30,local,1,EXECUTE,local_guard_passed,1,0,25.788352999370545
31,local,1,EXECUTE,local_guard_passed,1,0,32.91280999837909
32,local,1,EXECUTE,local_guard_passed,1,0,28.451051999581978
33,local,1,EXECUTE,local_guard_passed,1,0,29.065082999295555
34,local,1,EXECUTE,local_guard_passed,1,0,29.52826500404626
35,local,1,EXECUTE,local_guard_passed,1,0,24.811379000311717
36,local,1,EXECUTE,local_guard_passed,1,0,29.776595998555422
37,local,1,EXECUTE,local_guard_passed,1,0,40.051693009445444
38,local,1,EXECUTE,local_guard_passed,1,0,26.492883000173606
39,local,1,EXECUTE,local_guard_passed,1,0,24.891563996789046
40,local,1,EXECUTE,local_guard_passed,1,0,28.68304900766816
41,local,1,EXECUTE,local_guard_passed,1,0,28.57962499547284
42,local,1,EXECUTE,local_guard_passed,1,0,28.83075199497398
43,local,1,EXECUTE,local_guard_passed,1,0,27.57417100656312
44,local,1,EXECUTE,local_guard_passed,1,0,24.50812300958205
45,local,1,EXECUTE,local_guard_passed,1,0,28.126739998697303
46,local,1,EXECUTE,local_guard_passed,1,0,26.62016000249423
47,local,1,EXECUTE,local_guard_passed,1,0,32.82329200010281
48,local,1,EXECUTE,local_guard_passed,1,0,31.3583609968191
49,local,1,EXECUTE,local_guard_passed,1,0,27.702577004674822
50,local,1,EXECUTE,local_guard_passed,1,0,29.35796999372542
51,local,1,EXECUTE,local_guard_passed,1,0,32.30562999669928
52,local,1,EXECUTE,local_guard_passed,1,0,31.65454199188389
53,local,1,EXECUTE,local_guard_passed,1,0,26.870583998970687
54,local,1,EXECUTE,local_guard_passed,1,0,25.879499997245148
55,local,1,EXECUTE,local_guard_passed,1,0,27.178174001164734
56,local,1,EXECUTE,local_guard_passed,1,0,29.51983900857158
57,local,1,EXECUTE,local_guard_passed,1,0,29.80183600448072
58,local,1,EXECUTE,local_guard_passed,1,0,30.495571001665667
59,local,1,EXECUTE,local_guard_passed,1,0,29.39984000113327
60,local,1,EXECUTE,local_guard_passed,1,0,29.027362004853785
61,local,1,EXECUTE,local_guard_passed,1,0,25.935536992619745
62,local,1,EXECUTE,local_guard_passed,1,0,27.286636002827436
63,local,1,EXECUTE,local_guard_passed,1,0,23.98801599338185
64,local,1,EXECUTE,local_guard_passed,1,0,35.62541599967517
65,local,1,EXECUTE,local_guard_passed,1,0,32.25875999487471
66,local,1,EXECUTE,local_guard_passed,1,0,28.74232700560242
67,local,1,EXECUTE,local_guard_passed,1,0,25.847777011222206
68,local,1,EXECUTE,local_guard_passed,1,0,25.269689998822287
69,local,1,EXECUTE,local_guard_passed,1,0,27.36298699164763
70,local,1,EXECUTE,local_guard_passed,1,0,28.264942011446692
71,local,1,EXECUTE,local_guard_passed,1,0,26.9125650083879
72,local,1,EXECUTE,local_guard_passed,1,0,27.657651997287758
73,local,1,EXECUTE,local_guard_passed,1,0,29.4023769965861
74,local,1,EXECUTE,local_guard_passed,1,0,32.25066700542811
75,local,1,EXECUTE,local_guard_passed,1,0,31.154028998571448
76,local,1,EXECUTE,local_guard_passed,1,0,23.798925001756288
77,local,1,EXECUTE,local_guard_passed,1,0,31.660210006521083
78,local,1,EXECUTE,local_guard_passed,1,0,33.00069800752681
79,local,1,EXECUTE,local_guard_passed,1,0,28.43397800461389
80,local,1,EXECUTE,local_guard_passed,1,0,30.216776998713613
81,local,1,EXECUTE,local_guard_passed,1,0,28.20499800145626
82,local,1,EXECUTE,local_guard_passed,1,0,29.744707004283555
83,local,1,EXECUTE,local_guard_passed,1,0,26.814380995347165
84,local,1,EXECUTE,local_guard_passed,1,0,26.35023699258454
85,local,1,EXECUTE,local_guard_passed,1,0,27.869075012858957
86,local,1,EXECUTE,local_guard_passed,1,0,30.118926995783113
87,local,1,EXECUTE,local_guard_passed,1,0,27.414802010753192
88,local,1,EXECUTE,local_guard_passed,1,0,28.86221499647945
89,local,1,EXECUTE,local_guard_passed,1,0,28.09373999480158
90,local,1,EXECUTE,local_guard_passed,1,0,28.64310599397868
91,local,1,EXECUTE,local_guard_passed,1,0,31.00782699766569
92,local,1,EXECUTE,local_guard_passed,1,0,25.650372001109645
93,local,1,EXECUTE,local_guard_passed,1,0,24.92804500798229
94,local,1,EXECUTE,local_guard_passed,1,0,24.089255995932035
95,local,1,EXECUTE,local_guard_passed,1,0,27.486818988109007
96,local,1,EXECUTE,local_guard_passed,1,0,27.875316998688504
97,local,1,EXECUTE,local_guard_passed,1,0,27.055786005803384
98,local,1,EXECUTE,local_guard_passed,1,0,25.671316994703375
99,local,1,EXECUTE,local_guard_passed,1,0,29.764078004518524
0,xair,1,EXECUTE,published_after_gate_recheck,1,0,72.08630700188223
1,xair,1,EXECUTE,published_after_gate_recheck,1,0,60.7443670014618
2,xair,1,EXECUTE,published_after_gate_recheck,1,0,57.373210991499946
3,xair,1,EXECUTE,published_after_gate_recheck,1,0,60.11485400085803
4,xair,1,EXECUTE,published_after_gate_recheck,1,0,55.42474599496927
5,xair,1,EXECUTE,published_after_gate_recheck,1,0,53.893926000455394
6,xair,1,EXECUTE,published_after_gate_recheck,1,0,63.42288099403959
7,xair,1,EXECUTE,published_after_gate_recheck,1,0,60.69566300720908
8,xair,1,EXECUTE,published_after_gate_recheck,1,0,57.77372598822694
9,xair,1,EXECUTE,published_after_gate_recheck,1,0,56.79910500475671
10,xair,1,EXECUTE,published_after_gate_recheck,1,0,60.03652200161014
11,xair,1,EXECUTE,published_after_gate_recheck,1,0,55.4869680054253
12,xair,1,EXECUTE,published_after_gate_recheck,1,0,60.17068700748496
13,xair,1,EXECUTE,published_after_gate_recheck,1,0,60.47524001041893
14,xair,1,EXECUTE,published_after_gate_recheck,1,0,65.73823100188747
15,xair,1,EXECUTE,published_after_gate_recheck,1,0,60.60247900313698
16,xair,1,EXECUTE,published_after_gate_recheck,1,0,57.20799000118859
17,xair,1,EXECUTE,published_after_gate_recheck,1,0,53.49383699649479
18,xair,1,EXECUTE,published_after_gate_recheck,1,0,57.69330100156367
19,xair,1,EXECUTE,published_after_gate_recheck,1,0,52.769861998967826
20,xair,1,EXECUTE,published_after_gate_recheck,1,0,59.3987489992287
21,xair,1,EXECUTE,published_after_gate_recheck,1,0,55.93976100499276
22,xair,1,EXECUTE,published_after_gate_recheck,1,0,59.45748998783529
23,xair,1,EXECUTE,published_after_gate_recheck,1,0,54.7306039952673
24,xair,1,EXECUTE,published_after_gate_recheck,1,0,58.72908800665755
25,xair,1,EXECUTE,published_after_gate_recheck,1,0,61.77213600312825
26,xair,1,EXECUTE,published_after_gate_recheck,1,0,55.80709500645753
27,xair,1,EXECUTE,published_after_gate_recheck,1,0,53.81516799388919
28,xair,1,EXECUTE,published_after_gate_recheck,1,0,57.54420900484547
29,xair,1,EXECUTE,published_after_gate_recheck,1,0,63.719212004798464
30,xair,1,EXECUTE,published_after_gate_recheck,1,0,56.81177199585363
31,xair,1,EXECUTE,published_after_gate_recheck,1,0,56.4887750078924
32,xair,1,EXECUTE,published_after_gate_recheck,1,0,60.47529600618873
33,xair,1,EXECUTE,published_after_gate_recheck,1,0,61.15288200089708
34,xair,1,EXECUTE,published_after_gate_recheck,1,0,61.157825999544
35,xair,1,EXECUTE,published_after_gate_recheck,1,0,60.43803600186948
36,xair,1,EXECUTE,published_after_gate_recheck,1,0,56.392978003714234
37,xair,1,EXECUTE,published_after_gate_recheck,1,0,55.24200700165238
38,xair,1,EXECUTE,published_after_gate_recheck,1,0,59.54230400675442
39,xair,1,EXECUTE,published_after_gate_recheck,1,0,59.184807003475726
40,xair,1,EXECUTE,published_after_gate_recheck,1,0,55.858002000604756
41,xair,1,EXECUTE,published_after_gate_recheck,1,0,52.539955999236554
42,xair,1,EXECUTE,published_after_gate_recheck,1,0,57.20819400448818
43,xair,1,EXECUTE,published_after_gate_recheck,1,0,61.453545989934355
44,xair,1,EXECUTE,published_after_gate_recheck,1,0,59.61035899235867
45,xair,1,EXECUTE,published_after_gate_recheck,1,0,60.55688700871542
46,xair,1,EXECUTE,published_after_gate_recheck,1,0,63.028663003933616
47,xair,1,EXECUTE,published_after_gate_recheck,1,0,56.54771800618619
48,xair,1,EXECUTE,published_after_gate_recheck,1,0,55.257284999242984
49,xair,1,EXECUTE,published_after_gate_recheck,1,0,54.86934300279245
50,xair,1,EXECUTE,published_after_gate_recheck,1,0,54.80154800170567
51,xair,1,EXECUTE,published_after_gate_recheck,1,0,58.29953699139878
52,xair,1,EXECUTE,published_after_gate_recheck,1,0,59.47967400425114
53,xair,1,EXECUTE,published_after_gate_recheck,1,0,55.45561599137727
54,xair,1,EXECUTE,published_after_gate_recheck,1,0,58.136851992458105
55,xair,1,EXECUTE,published_after_gate_recheck,1,0,59.452342000440694
56,xair,1,EXECUTE,published_after_gate_recheck,1,0,55.98885200743098
57,xair,1,EXECUTE,published_after_gate_recheck,1,0,63.70884100033436
58,xair,1,EXECUTE,published_after_gate_recheck,1,0,62.515796002116986
59,xair,1,EXECUTE,published_after_gate_recheck,1,0,61.861449998104945
60,xair,1,EXECUTE,published_after_gate_recheck,1,0,53.96207400190178
61,xair,1,EXECUTE,published_after_gate_recheck,1,0,55.863112007500604
62,xair,1,EXECUTE,published_after_gate_recheck,1,0,56.49081099545583
63,xair,1,EXECUTE,published_after_gate_recheck,1,0,69.05577800353058
64,xair,1,EXECUTE,published_after_gate_recheck,1,0,55.289303010795265
65,xair,1,EXECUTE,published_after_gate_recheck,1,0,52.356624000822194
66,xair,1,EXECUTE,published_after_gate_recheck,1,0,58.68542099779006
67,xair,1,EXECUTE,published_after_gate_recheck,1,0,125.50397799350321
68,xair,1,EXECUTE,published_after_gate_recheck,1,0,60.84632901183795
69,xair,1,EXECUTE,published_after_gate_recheck,1,0,55.944389998330735
70,xair,1,EXECUTE,published_after_gate_recheck,1,0,54.06346199742984
71,xair,1,EXECUTE,published_after_gate_recheck,1,0,60.85758800327312
72,xair,1,EXECUTE,published_after_gate_recheck,1,0,58.61684899718966
73,xair,1,EXECUTE,published_after_gate_recheck,1,0,58.974234998458996
74,xair,1,EXECUTE,published_after_gate_recheck,1,0,56.826048996299505
75,xair,1,EXECUTE,published_after_gate_recheck,1,0,53.63015100010671
76,xair,1,EXECUTE,published_after_gate_recheck,1,0,59.63606199657079
77,xair,1,EXECUTE,published_after_gate_recheck,1,0,61.74587699933909
78,xair,1,EXECUTE,published_after_gate_recheck,1,0,62.69855400023516
79,xair,1,EXECUTE,published_after_gate_recheck,1,0,59.3326570087811
80,xair,1,EXECUTE,published_after_gate_recheck,1,0,59.90289300098084
81,xair,1,EXECUTE,published_after_gate_recheck,1,0,62.70733200653922
82,xair,1,EXECUTE,published_after_gate_recheck,1,0,60.37129600008484
83,xair,1,EXECUTE,published_after_gate_recheck,1,0,55.51344899868127
84,xair,1,EXECUTE,published_after_gate_recheck,1,0,58.13087099522818
85,xair,1,EXECUTE,published_after_gate_recheck,1,0,63.01575500401668
86,xair,1,EXECUTE,published_after_gate_recheck,1,0,58.62346000503749
87,xair,1,EXECUTE,published_after_gate_recheck,1,0,55.10693399992306
88,xair,1,EXECUTE,published_after_gate_recheck,1,0,59.95915200037416
89,xair,1,EXECUTE,published_after_gate_recheck,1,0,58.56981199758593
90,xair,1,EXECUTE,published_after_gate_recheck,1,0,60.10735400195699
91,xair,1,EXECUTE,published_after_gate_recheck,1,0,61.79695000173524
92,xair,1,EXECUTE,published_after_gate_recheck,1,0,57.208250000257976
93,xair,1,EXECUTE,published_after_gate_recheck,1,0,62.063355988357216
94,xair,1,EXECUTE,published_after_gate_recheck,1,0,58.618199996999465
95,xair,1,EXECUTE,published_after_gate_recheck,1,0,57.6735600043321
96,xair,1,EXECUTE,published_after_gate_recheck,1,0,61.67856299725827
97,xair,1,EXECUTE,published_after_gate_recheck,1,0,54.468068992719054
98,xair,1,EXECUTE,published_after_gate_recheck,1,0,56.62994000886101
99,xair,1,EXECUTE,published_after_gate_recheck,1,0,55.679076991509646
