run,seed,baseline,pause_ms,predicate_count,predicates_evaluated,source,drifted,expected_release,gateway_released,outcome,reason,correct,stale_executed,wrongful_revoke,validation_latency_ms
0,3,xair,133.29,32,32,ai,0,1,1,EXECUTE,published_after_gate_recheck,1,0,0,0.7130189915187657
1,3,xair,215.92,32,1,ai,1,0,0,REVOKE,precondition_failed: line.state == 'RUN',1,0,0,0.14775397721678019
2,3,xair,343.11,8,1,mes,1,0,0,REVOKE,precondition_failed: line.state == 'RUN',1,0,0,0.1462539948988706
3,3,xair,301.0,32,1,mes,1,0,0,REVOKE,precondition_failed: line.state == 'RUN',1,0,0,0.14450401067733765
4,3,xair,351.36,4,4,mes,0,1,1,EXECUTE,published_after_gate_recheck,1,0,0,0.20175499957986176
5,3,xair,233.11,2,1,mes,1,0,0,REVOKE,precondition_failed: line.state == 'RUN',1,0,0,0.14600300346501172
6,3,xair,385.12,2,2,xr,0,1,1,EXECUTE,published_after_gate_recheck,1,0,0,0.16750401118770242
7,3,xair,144.3,32,32,mes,0,1,1,EXECUTE,published_after_gate_recheck,1,0,0,0.681017991155386
8,3,xair,372.38,16,1,mes,1,0,0,REVOKE,precondition_failed: line.state == 'RUN',1,0,0,0.14825401012785733
9,3,xair,377.46,8,1,ai,1,0,0,REVOKE,precondition_failed: line.state == 'RUN',1,0,0,0.1525040133856237
10,3,xair,125.95,16,1,mes,1,0,0,REVOKE,precondition_failed: line.state == 'RUN',1,0,0,0.14425299013964832
11,3,xair,341.72,32,32,xr,0,1,1,EXECUTE,published_after_gate_recheck,1,0,0,0.6737670046277344
12,3,xair,254.49,8,8,mes,0,1,1,EXECUTE,published_after_gate_recheck,1,0,0,0.26825699023902416
13,3,xair,396.85,4,4,mes,0,1,1,EXECUTE,published_after_gate_recheck,1,0,0,0.20075502106919885
14,3,xair,366.64,32,32,ai,0,1,1,EXECUTE,published_after_gate_recheck,1,0,0,0.7065180107019842
15,3,xair,395.83,8,1,xr,1,0,0,REVOKE,precondition_failed: line.state == 'RUN',1,0,0,0.15050399815663695
16,3,xair,348.88,16,16,ai,0,1,1,EXECUTE,published_after_gate_recheck,1,0,0,0.4035110177937895
17,3,xair,193.66,4,1,ai,1,0,0,REVOKE,precondition_failed: line.state == 'RUN',1,0,0,0.1475040044169873
18,3,xair,195.32,2,2,ai,0,1,1,EXECUTE,published_after_gate_recheck,1,0,0,0.16450401744805276
19,3,xair,65.73,32,32,xr,0,1,1,EXECUTE,published_after_gate_recheck,1,0,0,0.6837669934611768
20,3,xair,393.22,32,1,ai,1,0,0,REVOKE,precondition_failed: line.state == 'RUN',1,0,0,0.14575300156138837
21,3,xair,76.94,32,32,mes,0,1,1,EXECUTE,published_after_gate_recheck,1,0,0,0.6820170092396438
22,3,xair,390.0,8,1,mes,1,0,0,REVOKE,precondition_failed: line.state == 'RUN',1,0,0,0.14700400060974061
23,3,xair,64.85,8,8,xr,0,1,1,EXECUTE,published_after_gate_recheck,1,0,0,0.2687570231501013
24,3,xair,363.83,16,16,xr,0,1,1,EXECUTE,published_after_gate_recheck,1,0,0,0.4127610009163618
25,3,xair,185.17,32,1,mes,1,0,0,REVOKE,precondition_failed: line.state == 'RUN',1,0,0,0.14950399054214358
26,3,xair,390.51,32,32,xr,0,1,1,EXECUTE,published_after_gate_recheck,1,0,0,0.681017991155386
27,3,xair,300.47,8,8,xr,0,1,1,EXECUTE,published_after_gate_recheck,1,0,0,0.2762569929473102
28,3,xair,241.95,2,1,xr,1,0,0,REVOKE,precondition_failed: line.state == 'RUN',1,0,0,0.15125301433727145
29,3,xair,181.78,32,1,mes,1,0,0,REVOKE,precondition_failed: line.state == 'RUN',1,0,0,0.14925398863852024
30,3,xair,269.57,16,16,xr,0,1,1,EXECUTE,published_after_gate_recheck,1,0,0,0.409260974265635
31,3,xair,147.62,16,1,ai,1,0,0,REVOKE,precondition_failed: line.state == 'RUN',1,0,0,0.16850398969836533
32,3,xair,286.61,8,1,xr,1,0,0,REVOKE,precondition_failed: line.state == 'RUN',1,0,0,0.14975399244576693
33,3,xair,260.51,4,1,xr,1,0,0,REVOKE,precondition_failed: line.state == 'RUN',1,0,0,0.1462539948988706
34,3,xair,179.2,32,32,xr,0,1,1,EXECUTE,published_after_gate_recheck,1,0,0,0.6810170016251504
35,3,xair,86.71,2,1,mes,1,0,0,REVOKE,precondition_failed: line.state == 'RUN',1,0,0,0.14275399735197425
36,3,xair,127.89,8,1,ai,1,0,0,REVOKE,precondition_failed: line.state == 'RUN',1,0,0,0.1462539948988706
37,3,xair,202.33,2,1,ai,1,0,0,REVOKE,precondition_failed: line.state == 'RUN',1,0,0,0.14450401067733765
38,3,xair,166.81,4,1,xr,1,0,0,REVOKE,precondition_failed: line.state == 'RUN',1,0,0,0.1462539948988706
39,3,xair,309.72,4,1,mes,1,0,0,REVOKE,precondition_failed: line.state == 'RUN',1,0,0,0.14875299530103803
40,3,xair,325.45,2,1,mes,1,0,0,REVOKE,precondition_failed: line.state == 'RUN',1,0,0,0.14925398863852024
41,3,xair,342.67,32,1,ai,1,0,0,REVOKE,precondition_failed: line.state == 'RUN',1,0,0,0.1502539962530136
42,3,xair,339.78,2,2,mes,0,1,1,EXECUTE,published_after_gate_recheck,1,0,0,0.16350499936379492
43,3,xair,197.45,32,1,xr,1,0,0,REVOKE,precondition_failed: line.state == 'RUN',1,0,0,0.14750397531315684
44,3,xair,195.92,16,1,mes,1,0,0,REVOKE,precondition_failed: line.state == 'RUN',1,0,0,0.14850299339741468
45,3,xair,194.64,4,4,ai,0,1,1,EXECUTE,published_after_gate_recheck,1,0,0,0.20100499386899173
46,3,xair,357.99,32,32,xr,0,1,1,EXECUTE,published_after_gate_recheck,1,0,0,0.6792670174036175
47,3,xair,374.58,4,4,ai,0,1,1,EXECUTE,published_after_gate_recheck,1,0,0,0.2025050052907318
48,3,xair,282.05,32,1,xr,1,0,0,REVOKE,precondition_failed: line.state == 'RUN',1,0,0,0.14925398863852024
49,3,xair,129.61,2,1,mes,1,0,0,REVOKE,precondition_failed: line.state == 'RUN',1,0,0,0.15275401528924704
50,3,xair,135.59,2,2,mes,0,1,1,EXECUTE,published_after_gate_recheck,1,0,0,0.1635040098335594
51,3,xair,363.8,16,1,mes,1,0,0,REVOKE,precondition_failed: line.state == 'RUN',1,0,0,0.14875398483127356
52,3,xair,310.85,4,1,mes,1,0,0,REVOKE,precondition_failed: line.state == 'RUN',1,0,0,0.14675399870611727
53,3,xair,56.95,32,32,xr,0,1,1,EXECUTE,published_after_gate_recheck,1,0,0,0.6847670010756701
54,3,xair,264.26,8,8,ai,0,1,1,EXECUTE,published_after_gate_recheck,1,0,0,0.27375700301490724
55,3,xair,239.34,2,1,xr,1,0,0,REVOKE,precondition_failed: line.state == 'RUN',1,0,0,0.14825401012785733
56,3,xair,237.12,2,2,ai,0,1,1,EXECUTE,published_after_gate_recheck,1,0,0,0.16375401173718274
57,3,xair,372.62,4,4,ai,0,1,1,EXECUTE,published_after_gate_recheck,1,0,0,0.23475600755773485
58,3,xair,351.89,2,1,xr,1,0,0,REVOKE,precondition_failed: line.state == 'RUN',1,0,0,0.14800397912040353
59,3,xair,234.54,16,1,ai,1,0,0,REVOKE,precondition_failed: line.state == 'RUN',1,0,0,0.1460040220990777
60,3,xair,336.83,2,1,ai,1,0,0,REVOKE,precondition_failed: line.state == 'RUN',1,0,0,0.14700400060974061
61,3,xair,73.95,2,2,mes,0,1,1,EXECUTE,published_after_gate_recheck,1,0,0,0.16425401554442942
62,3,xair,221.5,4,1,xr,1,0,0,REVOKE,precondition_failed: line.state == 'RUN',1,0,0,0.148754013935104
63,3,xair,276.42,32,1,xr,1,0,0,REVOKE,precondition_failed: line.state == 'RUN',1,0,0,0.1507540000602603
64,3,xair,395.81,16,16,ai,0,1,1,EXECUTE,published_after_gate_recheck,1,0,0,0.4112599999643862
65,3,xair,300.61,16,1,ai,1,0,0,REVOKE,precondition_failed: line.state == 'RUN',1,0,0,0.14725400251336396
66,3,xair,180.65,32,1,mes,1,0,0,REVOKE,precondition_failed: line.state == 'RUN',1,0,0,0.14800397912040353
67,3,xair,330.41,32,1,xr,1,0,0,REVOKE,precondition_failed: line.state == 'RUN',1,0,0,0.14600300346501172
68,3,xair,223.65,8,1,xr,1,0,0,REVOKE,precondition_failed: line.state == 'RUN',1,0,0,0.14950399054214358
69,3,xair,135.78,32,1,xr,1,0,0,REVOKE,precondition_failed: line.state == 'RUN',1,0,0,0.14950399054214358
70,3,xair,198.71,16,16,ai,0,1,1,EXECUTE,published_after_gate_recheck,1,0,0,0.4097600176464766
71,3,xair,180.98,32,1,xr,1,0,0,REVOKE,precondition_failed: line.state == 'RUN',1,0,0,0.1482530205976218
72,3,xair,93.1,32,32,xr,0,1,1,EXECUTE,published_after_gate_recheck,1,0,0,0.6757680093869567
73,3,xair,247.35,2,1,mes,1,0,0,REVOKE,precondition_failed: line.state == 'RUN',1,0,0,0.14700400060974061
74,3,xair,132.59,16,1,ai,1,0,0,REVOKE,precondition_failed: line.state == 'RUN',1,0,0,0.14825398102402687
75,3,xair,84.75,16,1,ai,1,0,0,REVOKE,precondition_failed: line.state == 'RUN',1,0,0,0.14750298578292131
76,3,xair,348.31,2,2,ai,0,1,1,EXECUTE,published_after_gate_recheck,1,0,0,0.1667540054768324
77,3,xair,383.34,32,1,xr,1,0,0,REVOKE,precondition_failed: line.state == 'RUN',1,0,0,0.1507540000602603
78,3,xair,318.6,32,1,mes,1,0,0,REVOKE,precondition_failed: line.state == 'RUN',1,0,0,0.14550299965776503
79,3,xair,312.14,32,1,ai,1,0,0,REVOKE,precondition_failed: line.state == 'RUN',1,0,0,0.14875398483127356
80,3,xair,247.39,2,2,ai,0,1,1,EXECUTE,published_after_gate_recheck,1,0,0,0.16875399160198867
81,3,xair,208.95,16,16,xr,0,1,1,EXECUTE,published_after_gate_recheck,1,0,0,0.41501098894514143
82,3,xair,378.57,32,1,xr,1,0,0,REVOKE,precondition_failed: line.state == 'RUN',1,0,0,0.1525040133856237
83,3,xair,132.34,16,1,mes,1,0,0,REVOKE,precondition_failed: line.state == 'RUN',1,0,0,0.14775400632061064
84,3,xair,248.94,32,32,mes,0,1,1,EXECUTE,published_after_gate_recheck,1,0,0,0.6760179821867496
85,3,xair,104.66,16,1,ai,1,0,0,REVOKE,precondition_failed: line.state == 'RUN',1,0,0,0.1492540177423507
86,3,xair,311.85,32,32,xr,0,1,1,EXECUTE,published_after_gate_recheck,1,0,0,0.681767996866256
87,3,xair,115.14,8,8,ai,0,1,1,EXECUTE,published_after_gate_recheck,1,0,0,0.26700698072090745
88,3,xair,160.2,4,4,mes,0,1,1,EXECUTE,published_after_gate_recheck,1,0,0,0.2020050014834851
89,3,xair,153.55,16,16,mes,0,1,1,EXECUTE,published_after_gate_recheck,1,0,0,0.4062610096298158
90,3,xair,143.51,4,1,xr,1,0,0,REVOKE,precondition_failed: line.state == 'RUN',1,0,0,0.1492540177423507
91,3,xair,331.43,4,1,ai,1,0,0,REVOKE,precondition_failed: line.state == 'RUN',1,0,0,0.14700301107950509
92,3,xair,162.71,4,4,xr,0,1,1,EXECUTE,published_after_gate_recheck,1,0,0,0.2017559891100973
93,3,xair,122.01,32,1,mes,1,0,0,REVOKE,precondition_failed: line.state == 'RUN',1,0,0,0.148754013935104
94,3,xair,397.48,2,1,xr,1,0,0,REVOKE,precondition_failed: line.state == 'RUN',1,0,0,0.1540039957035333
95,3,xair,130.36,4,4,mes,0,1,1,EXECUTE,published_after_gate_recheck,1,0,0,0.20225500338710845
96,3,xair,348.86,4,1,ai,1,0,0,REVOKE,precondition_failed: line.state == 'RUN',1,0,0,0.14875398483127356
97,3,xair,267.67,2,2,xr,0,1,1,EXECUTE,published_after_gate_recheck,1,0,0,0.16800398589111865
98,3,xair,159.7,16,1,ai,1,0,0,REVOKE,precondition_failed: line.state == 'RUN',1,0,0,0.1475040044169873
99,3,xair,142.46,8,1,ai,1,0,0,REVOKE,precondition_failed: line.state == 'RUN',1,0,0,0.1445039815735072
