mode,scope,flip,gateway_released,reason,e2e_latency_ms,validation_version,pause_version,resume_version,check_version,protocol
xair_atomic,readset,1,0,read_set_version_changed_at_commit,61.84042291715741,1543,1544,1545,1545,valid
xair,readset,0,1,published_after_gate_recheck,66.39599474146962,1546,,,1546,control
xair_atomic,truth,1,0,predicate_truth_changed_at_commit,62.58702324703336,1547,1548,1549,1549,valid
xair_atomic,truth,1,0,predicate_truth_changed_at_commit,62.55592405796051,1550,1551,1552,1552,valid
xair_atomic,readset,1,0,read_set_version_changed_at_commit,62.05317238345742,1553,1554,1555,1555,valid
xair,predicate,1,1,published_after_gate_recheck,66.47072592750192,1556,1557,1558,1558,valid
opa,opa_readset,1,0,opa_readset_version_changed_at_gate,61.699658166617155,1559,1560,1561,1561,valid
xair,predicate,1,1,published_after_gate_recheck,66.58009020611644,1562,1563,1564,1564,valid
xair,readset,1,0,read_set_version_changed_at_gate,65.58427307754755,1565,1566,1567,1567,valid
xair_atomic,readset,0,1,authorization_committed,62.621567863970995,1568,,,1568,control
opa,opa_readset,1,0,opa_readset_version_changed_at_gate,60.3864761069417,1569,1570,1571,1571,valid
opa,opa_readset,0,1,opa_allowed_at_gate,59.780869632959366,1572,,,1572,control
xair,truth,0,1,published_after_gate_recheck,66.20167102664709,1573,,,1573,control
xair_atomic,truth,0,1,authorization_committed,63.26535530388355,1574,,,1574,control
xair,truth,0,1,published_after_gate_recheck,68.60979599878192,1575,,,1575,control
opa,opa,0,1,opa_allowed_at_gate,61.39145977795124,1576,,,1576,control
opa,opa_readset,1,0,opa_readset_version_changed_at_gate,60.89645205065608,1577,1578,1579,1579,valid
xair,truth,1,0,predicate_truth_changed_at_gate,65.51631633192301,1580,1581,1582,1582,valid
opa,opa,1,1,opa_allowed_at_gate,61.08743092045188,1583,1584,1585,1585,valid
xair_atomic,truth,1,0,predicate_truth_changed_at_commit,63.465450424700975,1586,1587,1588,1588,valid
xair,readset,1,0,read_set_version_changed_at_gate,66.05195114389062,1589,1590,1591,1591,valid
opa,opa_readset,1,0,opa_readset_version_changed_at_gate,60.347973834723234,1592,1593,1594,1594,valid
xair_atomic,truth,0,1,authorization_committed,63.30481916666031,1595,,,1595,control
xair,readset,1,0,read_set_version_changed_at_gate,66.57953886315227,1596,1597,1598,1598,valid
xair,predicate,1,1,published_after_gate_recheck,65.43854018673301,1599,1600,1601,1601,valid
xair,predicate,1,1,published_after_gate_recheck,65.1956950314343,1602,1603,1604,1604,valid
xair,predicate,1,1,published_after_gate_recheck,66.64529303088784,1605,1606,1607,1607,valid
opa,opa,0,1,opa_allowed_at_gate,62.60734098032117,1608,,,1608,control
xair,truth,0,1,published_after_gate_recheck,66.0530817694962,1609,,,1609,control
xair_atomic,readset,1,0,read_set_version_changed_at_commit,63.078965060412884,1610,1611,1612,1612,valid
xair,predicate,1,1,published_after_gate_recheck,68.61077807843685,1613,1614,1615,1615,valid
xair,readset,1,0,read_set_version_changed_at_gate,65.70758484303951,1616,1617,1618,1618,valid
xair_atomic,truth,1,0,predicate_truth_changed_at_commit,61.86144193634391,1619,1620,1621,1621,valid
opa,opa,1,1,opa_allowed_at_gate,62.598132994025946,1622,1623,1624,1624,valid
xair,predicate,1,1,published_after_gate_recheck,66.22208887711167,1625,1626,1627,1627,valid
xair,truth,1,0,predicate_truth_changed_at_gate,65.62975887209177,1628,1629,1630,1630,valid
opa,opa_readset,0,1,opa_allowed_at_gate,60.34300522878766,1631,,,1631,control
opa,opa,1,1,opa_allowed_at_gate,59.28900884464383,1632,1633,1634,1634,valid
xair_atomic,readset,0,1,authorization_committed,62.58257431909442,1635,,,1635,control
xair,predicate,0,1,published_after_gate_recheck,65.01492625102401,1636,,,1636,control
opa,opa,1,1,opa_allowed_at_gate,59.6213610842824,1637,1638,1639,1639,valid
xair_atomic,readset,0,1,authorization_committed,62.0209607295692,1640,,,1640,control
opa,opa,1,1,opa_allowed_at_gate,59.58830006420612,1641,1642,1643,1643,valid
xair_atomic,readset,1,0,read_set_version_changed_at_commit,63.180775847285986,1644,1645,1646,1646,valid
xair_atomic,truth,0,1,authorization_committed,62.591391149908304,1647,,,1647,control
xair,readset,1,0,read_set_version_changed_at_gate,65.89713972061872,1648,1649,1650,1650,valid
xair,readset,0,1,published_after_gate_recheck,64.73122304305434,1651,,,1651,control
xair,readset,0,1,published_after_gate_recheck,65.24637900292873,1652,,,1652,control
xair,truth,0,1,published_after_gate_recheck,64.63923119008541,1653,,,1653,control
xair_atomic,readset,1,0,read_set_version_changed_at_commit,62.19668034464121,1654,1655,1656,1656,valid
xair,truth,1,0,predicate_truth_changed_at_gate,63.87692131102085,1657,1658,1659,1659,valid
xair_atomic,readset,0,1,authorization_committed,62.48322781175375,1660,,,1660,control
xair_atomic,truth,0,1,authorization_committed,62.2296929359436,1661,,,1661,control
xair_atomic,truth,1,0,predicate_truth_changed_at_commit,62.20836192369461,1662,1663,1664,1664,valid
xair,predicate,0,1,published_after_gate_recheck,71.10746996477246,1665,,,1665,control
xair_atomic,truth,0,1,authorization_committed,63.067153096199036,1666,,,1666,control
xair_atomic,truth,1,0,predicate_truth_changed_at_commit,62.74588080123067,1667,1668,1669,1669,valid
xair,predicate,0,1,published_after_gate_recheck,67.31646228581667,1670,,,1670,control
xair_atomic,readset,0,1,authorization_committed,64.20188117772341,1671,,,1671,control
xair,predicate,1,1,published_after_gate_recheck,65.94671262428164,1672,1673,1674,1674,valid
xair,readset,1,0,read_set_version_changed_at_gate,65.41779078543186,1675,1676,1677,1677,valid
xair_atomic,truth,0,1,authorization_committed,62.88269720971584,1678,,,1678,control
opa,opa_readset,0,1,opa_allowed_at_gate,60.47119479626417,1679,,,1679,control
xair,truth,1,0,predicate_truth_changed_at_gate,65.21396804600954,1680,1681,1682,1682,valid
xair_atomic,readset,0,1,authorization_committed,62.6192232593894,1683,,,1683,control
xair,predicate,0,1,published_after_gate_recheck,64.95595397427678,1684,,,1684,control
xair,predicate,0,1,published_after_gate_recheck,65.90936193242669,1685,,,1685,control
xair,readset,1,0,read_set_version_changed_at_gate,65.56925503537059,1686,1687,1688,1688,valid
xair,predicate,0,1,published_after_gate_recheck,65.30844606459141,1689,,,1689,control
xair,predicate,0,1,published_after_gate_recheck,65.51735801622272,1690,,,1690,control
xair,predicate,1,1,published_after_gate_recheck,65.45968912541866,1691,1692,1693,1693,valid
xair,readset,1,0,read_set_version_changed_at_gate,65.70574129000306,1694,1695,1696,1696,valid
xair_atomic,truth,0,1,authorization_committed,62.3515909537673,1697,,,1697,control
xair,readset,1,0,read_set_version_changed_at_gate,65.08544692769647,1698,1699,1700,1700,valid
xair,readset,0,1,published_after_gate_recheck,65.31111104413867,1701,,,1701,control
xair,truth,1,0,predicate_truth_changed_at_gate,65.10097626596689,1702,1703,1704,1704,valid
xair,readset,1,0,read_set_version_changed_at_gate,65.6533925794065,1705,1706,1707,1707,valid
xair_atomic,readset,0,1,authorization_committed,63.37995873764157,1708,,,1708,control
xair,readset,1,0,read_set_version_changed_at_gate,65.06169307976961,1709,1710,1711,1711,valid
xair,truth,1,0,predicate_truth_changed_at_gate,65.83090592175722,1712,1713,1714,1714,valid
xair_atomic,truth,1,0,predicate_truth_changed_at_commit,62.56778724491596,1715,1716,1717,1717,valid
xair_atomic,truth,1,0,predicate_truth_changed_at_commit,62.22769943997264,1718,1719,1720,1720,valid
xair,readset,0,1,published_after_gate_recheck,65.38762478157878,1721,,,1721,control
opa,opa_readset,1,0,opa_readset_version_changed_at_gate,61.29039125517011,1722,1723,1724,1724,valid
xair,readset,1,0,read_set_version_changed_at_gate,67.31240404769778,1725,1726,1727,1727,valid
opa,opa,1,1,opa_allowed_at_gate,60.766398906707764,1728,1729,1730,1730,valid
xair,truth,1,0,predicate_truth_changed_at_gate,65.73143927380443,1731,1732,1733,1733,valid
xair,truth,1,0,predicate_truth_changed_at_gate,65.33977529034019,1734,1735,1736,1736,valid
opa,opa,1,1,opa_allowed_at_gate,59.473754838109016,1737,1738,1739,1739,valid
xair_atomic,readset,1,0,read_set_version_changed_at_commit,63.45801614224911,1740,1741,1742,1742,valid
xair,readset,0,1,published_after_gate_recheck,64.93477476760745,1743,,,1743,control
xair,predicate,1,1,published_after_gate_recheck,65.86935790255666,1744,1745,1746,1746,valid
opa,opa,1,1,opa_allowed_at_gate,60.41705375537276,1747,1748,1749,1749,valid
xair,truth,0,1,published_after_gate_recheck,66.52884418144822,1750,,,1750,control
xair_atomic,readset,1,0,read_set_version_changed_at_commit,62.75756284594536,1751,1752,1753,1753,valid
xair_atomic,readset,0,1,authorization_committed,62.761629931628704,1754,,,1754,control
xair,predicate,0,1,published_after_gate_recheck,65.3763827867806,1755,,,1755,control
xair_atomic,readset,1,0,read_set_version_changed_at_commit,63.3248258382082,1756,1757,1758,1758,valid
xair,truth,1,0,predicate_truth_changed_at_gate,65.03159599378705,1759,1760,1761,1761,valid
opa,opa_readset,0,1,opa_allowed_at_gate,59.4385489821434,1762,,,1762,control
xair,predicate,1,1,published_after_gate_recheck,65.86170429363847,1763,1764,1765,1765,valid
xair_atomic,readset,0,1,authorization_committed,62.646414153277874,1766,,,1766,control
opa,opa_readset,1,0,opa_readset_version_changed_at_gate,60.16026297584176,1767,1768,1769,1769,valid
xair,predicate,1,1,published_after_gate_recheck,64.956224989146,1770,1771,1772,1772,valid
opa,opa_readset,1,0,opa_readset_version_changed_at_gate,60.02159230411053,1773,1774,1775,1775,valid
opa,opa_readset,1,0,opa_readset_version_changed_at_gate,60.45657768845558,1776,1777,1778,1778,valid
xair_atomic,readset,1,0,read_set_version_changed_at_commit,63.552903942763805,1779,1780,1781,1781,valid
xair,readset,1,0,read_set_version_changed_at_gate,67.06284591928124,1782,1783,1784,1784,valid
opa,opa_readset,1,0,opa_readset_version_changed_at_gate,60.7270747423172,1785,1786,1787,1787,valid
xair,readset,1,0,read_set_version_changed_at_gate,67.60633504018188,1788,1789,1790,1790,valid
xair,predicate,0,1,published_after_gate_recheck,67.15828506276011,1791,,,1791,control
opa,opa_readset,0,1,opa_allowed_at_gate,63.11372993513942,1792,,,1792,control
xair_atomic,truth,0,1,authorization_committed,63.971028197556734,1793,,,1793,control
xair_atomic,truth,1,0,predicate_truth_changed_at_commit,62.750539276748896,1794,1795,1796,1796,valid
xair,truth,0,1,published_after_gate_recheck,64.88024303689599,1797,,,1797,control
xair_atomic,readset,1,0,read_set_version_changed_at_commit,62.38201819360256,1798,1799,1800,1800,valid
xair,readset,0,1,published_after_gate_recheck,65.42665837332606,1801,,,1801,control
xair,readset,1,0,read_set_version_changed_at_gate,65.79347513616085,1802,1803,1804,1804,valid
xair,readset,1,0,read_set_version_changed_at_gate,65.03007421270013,1805,1806,1807,1807,valid
xair,truth,0,1,published_after_gate_recheck,66.28842372447252,1808,,,1808,control
xair,truth,0,1,published_after_gate_recheck,68.15484398975968,1809,,,1809,control
xair_atomic,truth,0,1,authorization_committed,64.13705972954631,1810,,,1810,control
opa,opa_readset,0,1,opa_allowed_at_gate,62.7824692055583,1811,,,1811,control
opa,opa_readset,1,0,opa_readset_version_changed_at_gate,60.20312197506428,1812,1813,1814,1814,valid
xair_atomic,readset,0,1,authorization_committed,67.25895265117288,1815,,,1815,control
xair,readset,1,0,read_set_version_changed_at_gate,67.28860875591636,1816,1817,1818,1818,valid
opa,opa,1,1,opa_allowed_at_gate,60.10819459334016,1819,1820,1821,1821,valid
xair,predicate,1,1,published_after_gate_recheck,65.15116104856133,1822,1823,1824,1824,valid
opa,opa,1,1,opa_allowed_at_gate,60.75378507375717,1825,1826,1827,1827,valid
xair,truth,1,0,predicate_truth_changed_at_gate,65.5169771052897,1828,1829,1830,1830,valid
opa,opa,1,1,opa_allowed_at_gate,60.85691787302494,1831,1832,1833,1833,valid
xair_atomic,readset,1,0,read_set_version_changed_at_commit,62.54824995994568,1834,1835,1836,1836,valid
opa,opa_readset,0,1,opa_allowed_at_gate,59.857354033738375,1837,,,1837,control
opa,opa,1,1,opa_allowed_at_gate,59.55277197062969,1838,1839,1840,1840,valid
opa,opa,1,1,opa_allowed_at_gate,60.420350171625614,1841,1842,1843,1843,valid
xair,predicate,1,1,published_after_gate_recheck,66.04737183079123,1844,1845,1846,1846,valid
opa,opa,1,1,opa_allowed_at_gate,59.61522972211242,1847,1848,1849,1849,valid
xair_atomic,readset,1,0,read_set_version_changed_at_commit,63.64951469004154,1850,1851,1852,1852,valid
opa,opa,0,1,opa_allowed_at_gate,60.49849605187774,1853,,,1853,control
opa,opa_readset,1,0,opa_readset_version_changed_at_gate,59.60007198154926,1854,1855,1856,1856,valid
xair,predicate,1,1,published_after_gate_recheck,65.74859097599983,1857,1858,1859,1859,valid
xair,truth,1,0,predicate_truth_changed_at_gate,65.23501826450229,1860,1861,1862,1862,valid
opa,opa_readset,0,1,opa_allowed_at_gate,59.43107372149825,1863,,,1863,control
xair,readset,1,0,read_set_version_changed_at_gate,66.05669902637601,1864,1865,1866,1866,valid
opa,opa,1,1,opa_allowed_at_gate,60.475243255496025,1867,1868,1869,1869,valid
xair,truth,1,0,predicate_truth_changed_at_gate,65.73221972212195,1870,1871,1872,1872,valid
xair_atomic,truth,1,0,predicate_truth_changed_at_commit,62.528232112526894,1873,1874,1875,1875,valid
opa,opa,1,1,opa_allowed_at_gate,59.783605858683586,1876,1877,1878,1878,valid
xair,predicate,1,1,published_after_gate_recheck,64.75984677672386,1879,1880,1881,1881,valid
xair_atomic,truth,0,1,authorization_committed,63.77599202096462,1882,,,1882,control
opa,opa,1,1,opa_allowed_at_gate,61.015256214886904,1883,1884,1885,1885,valid
xair,truth,0,1,published_after_gate_recheck,66.16221740841866,1886,,,1886,control
opa,opa,0,1,opa_allowed_at_gate,60.02503773197532,1887,,,1887,control
xair_atomic,readset,1,0,read_set_version_changed_at_commit,62.21389304846525,1888,1889,1890,1890,valid
opa,opa,1,1,opa_allowed_at_gate,59.856151696294546,1891,1892,1893,1893,valid
xair_atomic,truth,1,0,predicate_truth_changed_at_commit,62.33622180297971,1894,1895,1896,1896,valid
xair,truth,1,0,predicate_truth_changed_at_gate,65.72059914469719,1897,1898,1899,1899,valid
opa,opa,1,1,opa_allowed_at_gate,63.206734135746956,1900,1901,1902,1902,valid
xair,truth,1,0,predicate_truth_changed_at_gate,65.90262008830905,1903,1904,1905,1905,valid
xair_atomic,truth,1,0,predicate_truth_changed_at_commit,61.760312877595425,1906,1907,1908,1908,valid
xair,truth,0,1,published_after_gate_recheck,65.06630126386881,1909,,,1909,control
xair_atomic,readset,1,0,read_set_version_changed_at_commit,62.56538210436702,1910,1911,1912,1912,valid
xair,readset,1,0,read_set_version_changed_at_gate,66.8087787926197,1913,1914,1915,1915,valid
opa,opa_readset,1,0,opa_readset_version_changed_at_gate,61.51640508323908,1916,1917,1918,1918,valid
opa,opa_readset,1,0,opa_readset_version_changed_at_gate,63.46407812088728,1919,1920,1921,1921,valid
xair,truth,0,1,published_after_gate_recheck,66.54147803783417,1922,,,1922,control
opa,opa_readset,0,1,opa_allowed_at_gate,60.715633910149336,1923,,,1923,control
opa,opa_readset,1,0,opa_readset_version_changed_at_gate,60.03077933564782,1924,1925,1926,1926,valid
xair,truth,1,0,predicate_truth_changed_at_gate,64.77012578397989,1927,1928,1929,1929,valid
opa,opa_readset,1,0,opa_readset_version_changed_at_gate,59.38462680205703,1930,1931,1932,1932,valid
opa,opa_readset,1,0,opa_readset_version_changed_at_gate,59.4738251529634,1933,1934,1935,1935,valid
xair,readset,0,1,published_after_gate_recheck,65.23360591381788,1936,,,1936,control
opa,opa,1,1,opa_allowed_at_gate,59.73486416041851,1937,1938,1939,1939,valid
xair,truth,0,1,published_after_gate_recheck,65.21084299311042,1940,,,1940,control
xair_atomic,truth,0,1,authorization_committed,63.563914969563484,1941,,,1941,control
xair,truth,0,1,published_after_gate_recheck,65.90640684589744,1942,,,1942,control
opa,opa,1,1,opa_allowed_at_gate,60.23020390421152,1943,1944,1945,1945,valid
xair_atomic,truth,1,0,predicate_truth_changed_at_commit,62.47064424678683,1946,1947,1948,1948,valid
xair,truth,1,0,predicate_truth_changed_at_gate,65.7108910381794,1949,1950,1951,1951,valid
opa,opa,0,1,opa_allowed_at_gate,60.296588111668825,1952,,,1952,control
xair,predicate,0,1,published_after_gate_recheck,65.35244779661298,1953,,,1953,control
opa,opa_readset,1,0,opa_readset_version_changed_at_gate,60.320713091641665,1954,1955,1956,1956,valid
xair_atomic,truth,1,0,predicate_truth_changed_at_commit,63.962661661207676,1957,1958,1959,1959,valid
xair_atomic,truth,0,1,authorization_committed,62.968919053673744,1960,,,1960,control
xair,readset,0,1,published_after_gate_recheck,65.71275414898992,1961,,,1961,control
xair,readset,0,1,published_after_gate_recheck,65.29203522950411,1962,,,1962,control
opa,opa_readset,1,0,opa_readset_version_changed_at_gate,62.30843020603061,1963,1964,1965,1965,valid
opa,opa_readset,1,0,opa_readset_version_changed_at_gate,60.73903711512685,1966,1967,1968,1968,valid
opa,opa,1,1,opa_allowed_at_gate,59.602304827421904,1969,1970,1971,1971,valid
xair,truth,0,1,published_after_gate_recheck,64.99188207089901,1972,,,1972,control
opa,opa,1,1,opa_allowed_at_gate,60.238839127123356,1973,1974,1975,1975,valid
xair_atomic,readset,0,1,authorization_committed,63.54670273140073,1976,,,1976,control
xair,truth,0,1,published_after_gate_recheck,68.72405111789703,1977,,,1977,control
xair_atomic,truth,1,0,predicate_truth_changed_at_commit,63.0521047860384,1978,1979,1980,1980,valid
xair,readset,0,1,published_after_gate_recheck,66.02943781763315,1981,,,1981,control
opa,opa,0,1,opa_allowed_at_gate,59.319044928997755,1982,,,1982,control
xair,readset,0,1,published_after_gate_recheck,66.45687902346253,1983,,,1983,control
xair,predicate,1,1,published_after_gate_recheck,65.62356697395444,1984,1985,1986,1986,valid
xair_atomic,readset,1,0,read_set_version_changed_at_commit,62.15249886736274,1987,1988,1989,1989,valid
xair_atomic,readset,1,0,read_set_version_changed_at_commit,62.70365184172988,1990,1991,1992,1992,valid
xair,readset,1,0,read_set_version_changed_at_gate,65.06511988118291,1993,1994,1995,1995,valid
xair_atomic,truth,1,0,predicate_truth_changed_at_commit,62.55508307367563,1996,1997,1998,1998,valid
xair_atomic,readset,1,0,read_set_version_changed_at_commit,62.61143833398819,1999,2000,2001,2001,valid
opa,opa,0,1,opa_allowed_at_gate,61.31486687809229,2002,,,2002,control
xair,truth,1,0,predicate_truth_changed_at_gate,65.59406081214547,2003,2004,2005,2005,valid
opa,opa,0,1,opa_allowed_at_gate,59.713813941925764,2006,,,2006,control
xair,readset,1,0,read_set_version_changed_at_gate,65.05053211003542,2007,2008,2009,2009,valid
xair_atomic,truth,0,1,authorization_committed,62.284324783831835,2010,,,2010,control
xair_atomic,readset,1,0,read_set_version_changed_at_commit,62.89595179259777,2011,2012,2013,2013,valid
opa,opa_readset,0,1,opa_allowed_at_gate,60.18942594528198,2014,,,2014,control
opa,opa,0,1,opa_allowed_at_gate,60.45384285971522,2015,,,2015,control
xair_atomic,truth,0,1,authorization_committed,63.27199703082442,2016,,,2016,control
xair_atomic,readset,1,0,read_set_version_changed_at_commit,63.93667310476303,2017,2018,2019,2019,valid
xair,truth,0,1,published_after_gate_recheck,66.46922184154391,2020,,,2020,control
opa,opa_readset,1,0,opa_readset_version_changed_at_gate,60.38788892328739,2021,2022,2023,2023,valid
opa,opa_readset,1,0,opa_readset_version_changed_at_gate,60.623129829764366,2024,2025,2026,2026,valid
xair,truth,1,0,predicate_truth_changed_at_gate,65.53907785564661,2027,2028,2029,2029,valid
xair,predicate,1,1,published_after_gate_recheck,64.90286532789469,2030,2031,2032,2032,valid
xair_atomic,readset,0,1,authorization_committed,62.377599999308586,2033,,,2033,control
opa,opa,1,1,opa_allowed_at_gate,60.46327017247677,2034,2035,2036,2036,valid
opa,opa,0,1,opa_allowed_at_gate,63.3499538525939,2037,,,2037,control
opa,opa_readset,0,1,opa_allowed_at_gate,60.42621098458767,2038,,,2038,control
opa,opa,1,1,opa_allowed_at_gate,60.31064409762621,2039,2040,2041,2041,valid
opa,opa_readset,1,0,opa_readset_version_changed_at_gate,60.42330479249358,2042,2043,2044,2044,valid
xair,truth,0,1,published_after_gate_recheck,64.91715181618929,2045,,,2045,control
xair,predicate,1,1,published_after_gate_recheck,66.43888633698225,2046,2047,2048,2048,valid
xair_atomic,truth,1,0,predicate_truth_changed_at_commit,62.11414560675621,2049,2050,2051,2051,valid
xair,predicate,1,1,published_after_gate_recheck,66.19333475828171,2052,2053,2054,2054,valid
xair,readset,0,1,published_after_gate_recheck,64.87152585759759,2055,,,2055,control
xair_atomic,readset,1,0,read_set_version_changed_at_commit,62.44356418028474,2056,2057,2058,2058,valid
xair,predicate,0,1,published_after_gate_recheck,64.55807900056243,2059,,,2059,control
xair,readset,1,0,read_set_version_changed_at_gate,65.02076610922813,2060,2061,2062,2062,valid
xair_atomic,readset,1,0,read_set_version_changed_at_commit,63.55389580130577,2063,2064,2065,2065,valid
xair_atomic,readset,1,0,read_set_version_changed_at_commit,69.62194386869669,2066,2067,2068,2068,valid
opa,opa,0,1,opa_allowed_at_gate,62.477326951920986,2069,,,2069,control
opa,opa,0,1,opa_allowed_at_gate,60.525577049702406,2070,,,2070,control
xair_atomic,truth,1,0,predicate_truth_changed_at_commit,63.17758001387119,2071,2072,2073,2073,valid
xair,truth,1,0,predicate_truth_changed_at_gate,65.16065914183855,2074,2075,2076,2076,valid
xair,truth,1,0,predicate_truth_changed_at_gate,64.2980020493269,2077,2078,2079,2079,valid
opa,opa_readset,0,1,opa_allowed_at_gate,60.20299298688769,2080,,,2080,control
xair_atomic,readset,0,1,authorization_committed,63.16491588950157,2081,,,2081,control
xair_atomic,readset,0,1,authorization_committed,62.03205231577158,2082,,,2082,control
xair,predicate,1,1,published_after_gate_recheck,65.15950709581375,2083,2084,2085,2085,valid
xair_atomic,truth,1,0,predicate_truth_changed_at_commit,62.36694986000657,2086,2087,2088,2088,valid
xair_atomic,truth,1,0,predicate_truth_changed_at_commit,62.6634256914258,2089,2090,2091,2091,valid
xair,predicate,0,1,published_after_gate_recheck,65.6747929751873,2092,,,2092,control
xair,readset,1,0,read_set_version_changed_at_gate,65.30144298449159,2093,2094,2095,2095,valid
xair,truth,1,0,predicate_truth_changed_at_gate,69.45649394765496,2096,2097,2098,2098,valid
opa,opa,0,1,opa_allowed_at_gate,61.46168243139982,2099,,,2099,control
opa,opa,1,1,opa_allowed_at_gate,60.073469299823046,2100,2101,2102,2102,valid
xair,readset,0,1,published_after_gate_recheck,65.97932381555438,2103,,,2103,control
xair_atomic,readset,1,0,read_set_version_changed_at_commit,63.82789881899953,2104,2105,2106,2106,valid
xair,predicate,1,1,published_after_gate_recheck,66.23565405607224,2107,2108,2109,2109,valid
xair,truth,1,0,predicate_truth_changed_at_gate,66.23289873823524,2110,2111,2112,2112,valid
xair_atomic,truth,1,0,predicate_truth_changed_at_commit,63.137123826891184,2113,2114,2115,2115,valid
xair,truth,1,0,predicate_truth_changed_at_gate,66.5472699329257,2116,2117,2118,2118,valid
opa,opa_readset,0,1,opa_allowed_at_gate,60.28556730598211,2119,,,2119,control
xair,readset,0,1,published_after_gate_recheck,67.06827599555254,2120,,,2120,control
xair,readset,1,0,read_set_version_changed_at_gate,64.96491096913815,2121,2122,2123,2123,valid
xair,predicate,0,1,published_after_gate_recheck,64.78160806000233,2124,,,2124,control
xair_atomic,readset,1,0,read_set_version_changed_at_commit,63.1652669981122,2125,2126,2127,2127,valid
xair_atomic,truth,1,0,predicate_truth_changed_at_commit,61.62400683388114,2128,2129,2130,2130,valid
xair,readset,0,1,published_after_gate_recheck,67.53227626904845,2131,,,2131,control
xair,readset,0,1,published_after_gate_recheck,65.81844203174114,2132,,,2132,control
opa,opa_readset,0,1,opa_allowed_at_gate,60.99391495808959,2133,,,2133,control
xair,readset,1,0,read_set_version_changed_at_gate,65.75039401650429,2134,2135,2136,2136,valid
opa,opa,1,1,opa_allowed_at_gate,60.77767023816705,2137,2138,2139,2139,valid
xair,truth,0,1,published_after_gate_recheck,65.42350212112069,2140,,,2140,control
xair_atomic,readset,1,0,read_set_version_changed_at_commit,62.993925996124744,2141,2142,2143,2143,valid
xair,predicate,0,1,published_after_gate_recheck,66.43456825986505,2144,,,2144,control
xair_atomic,truth,0,1,authorization_committed,62.838173005729914,2145,,,2145,control
xair,readset,1,0,read_set_version_changed_at_gate,66.13777205348015,2146,2147,2148,2148,valid
xair_atomic,readset,0,1,authorization_committed,62.126880045980215,2149,,,2149,control
xair_atomic,readset,0,1,authorization_committed,61.711200047284365,2150,,,2150,control
xair,truth,1,0,predicate_truth_changed_at_gate,67.73352436721325,2151,2152,2153,2153,valid
xair,readset,1,0,read_set_version_changed_at_gate,64.90237405523658,2154,2155,2156,2156,valid
opa,opa,1,1,opa_allowed_at_gate,60.14339020475745,2157,2158,2159,2159,valid
xair,readset,0,1,published_after_gate_recheck,66.58154400065541,2160,,,2160,control
opa,opa,0,1,opa_allowed_at_gate,61.325466725975275,2161,,,2161,control
xair,truth,1,0,predicate_truth_changed_at_gate,65.61261601746082,2162,2163,2164,2164,valid
xair_atomic,truth,1,0,predicate_truth_changed_at_commit,63.01152799278498,2165,2166,2167,2167,valid
xair,readset,0,1,published_after_gate_recheck,67.38753477111459,2168,,,2168,control
opa,opa_readset,1,0,opa_readset_version_changed_at_gate,59.824722819030285,2169,2170,2171,2171,valid
xair_atomic,readset,0,1,authorization_committed,62.56048288196325,2172,,,2172,control
xair,readset,1,0,read_set_version_changed_at_gate,65.76548330485821,2173,2174,2175,2175,valid
xair_atomic,truth,1,0,predicate_truth_changed_at_commit,62.35490692779422,2176,2177,2178,2178,valid
xair,readset,1,0,read_set_version_changed_at_gate,64.64300816878676,2179,2180,2181,2181,valid
xair_atomic,truth,1,0,predicate_truth_changed_at_commit,62.716204673051834,2182,2183,2184,2184,valid
xair,readset,1,0,read_set_version_changed_at_gate,65.27117593213916,2185,2186,2187,2187,valid
opa,opa,1,1,opa_allowed_at_gate,60.34286506474018,2188,2189,2190,2190,valid
opa,opa_readset,0,1,opa_allowed_at_gate,60.24092296138406,2191,,,2191,control
xair_atomic,truth,0,1,authorization_committed,63.759931828826666,2192,,,2192,control
opa,opa_readset,1,0,opa_readset_version_changed_at_gate,61.79366493597627,2193,2194,2195,2195,valid
opa,opa_readset,1,0,opa_readset_version_changed_at_gate,60.11246331036091,2196,2197,2198,2198,valid
xair,readset,1,0,read_set_version_changed_at_gate,66.0806642845273,2199,2200,2201,2201,valid
xair_atomic,readset,1,0,read_set_version_changed_at_commit,62.65254504978657,2202,2203,2204,2204,valid
opa,opa,1,1,opa_allowed_at_gate,63.853738363832235,2205,2206,2207,2207,valid
xair_atomic,truth,1,0,predicate_truth_changed_at_commit,62.48070299625397,2208,2209,2210,2210,valid
xair,readset,1,0,read_set_version_changed_at_gate,65.73774106800556,2211,2212,2213,2213,valid
opa,opa_readset,0,1,opa_allowed_at_gate,59.786881785839796,2214,,,2214,control
xair,truth,1,0,predicate_truth_changed_at_gate,65.47226384282112,2215,2216,2217,2217,valid
xair,truth,1,0,predicate_truth_changed_at_gate,66.25557178631425,2218,2219,2220,2220,valid
xair,readset,1,0,read_set_version_changed_at_gate,65.34014502540231,2221,2222,2223,2223,valid
xair,predicate,1,1,published_after_gate_recheck,66.57131388783455,2224,2225,2226,2226,valid
opa,opa_readset,1,0,opa_readset_version_changed_at_gate,59.654452838003635,2227,2228,2229,2229,valid
xair,truth,1,0,predicate_truth_changed_at_gate,65.84813818335533,2230,2231,2232,2232,valid
opa,opa_readset,1,0,opa_readset_version_changed_at_gate,61.0769921913743,2233,2234,2235,2235,valid
opa,opa,0,1,opa_allowed_at_gate,59.89045603200793,2236,,,2236,control
xair_atomic,truth,0,1,authorization_committed,63.026206102222204,2237,,,2237,control
opa,opa,0,1,opa_allowed_at_gate,60.089520178735256,2238,,,2238,control
xair,truth,0,1,published_after_gate_recheck,65.43392222374678,2239,,,2239,control
xair,truth,1,0,predicate_truth_changed_at_gate,65.54467882961035,2240,2241,2242,2242,valid
xair,readset,1,0,read_set_version_changed_at_gate,65.15790382400155,2243,2244,2245,2245,valid
opa,opa,1,1,opa_allowed_at_gate,60.87503209710121,2246,2247,2248,2248,valid
xair_atomic,readset,1,0,read_set_version_changed_at_commit,62.350778840482235,2249,2250,2251,2251,valid
xair,truth,1,0,predicate_truth_changed_at_gate,65.03104604780674,2252,2253,2254,2254,valid
opa,opa_readset,1,0,opa_readset_version_changed_at_gate,59.82835032045841,2255,2256,2257,2257,valid
xair_atomic,truth,1,0,predicate_truth_changed_at_commit,62.76652868837118,2258,2259,2260,2260,valid
xair,predicate,1,1,published_after_gate_recheck,66.50749407708645,2261,2262,2263,2263,valid
xair,predicate,1,1,published_after_gate_recheck,65.14210440218449,2264,2265,2266,2266,valid
xair,truth,1,0,predicate_truth_changed_at_gate,66.10368704423308,2267,2268,2269,2269,valid
xair,readset,1,0,read_set_version_changed_at_gate,64.62809024378657,2270,2271,2272,2272,valid
xair,predicate,1,1,published_after_gate_recheck,66.43430702388287,2273,2274,2275,2275,valid
xair,truth,1,0,predicate_truth_changed_at_gate,65.19606476649642,2276,2277,2278,2278,valid
xair_atomic,truth,0,1,authorization_committed,61.9111661799252,2279,,,2279,control
xair,truth,0,1,published_after_gate_recheck,65.73470495641232,2280,,,2280,control
opa,opa_readset,0,1,opa_allowed_at_gate,60.213131830096245,2281,,,2281,control
opa,opa,1,1,opa_allowed_at_gate,59.60044264793396,2282,2283,2284,2284,valid
xair_atomic,truth,0,1,authorization_committed,61.73154804855585,2285,,,2285,control
opa,opa_readset,1,0,opa_readset_version_changed_at_gate,63.106547109782696,2286,2287,2288,2288,valid
xair_atomic,truth,1,0,predicate_truth_changed_at_commit,62.76329280808568,2289,2290,2291,2291,valid
xair,predicate,1,1,published_after_gate_recheck,66.30998384207487,2292,2293,2294,2294,valid
xair_atomic,truth,1,0,predicate_truth_changed_at_commit,64.1025248914957,2295,2296,2297,2297,valid
xair_atomic,truth,1,0,predicate_truth_changed_at_commit,64.75772289559245,2298,2299,2300,2300,valid
xair_atomic,readset,0,1,authorization_committed,62.52329284325242,2301,,,2301,control
opa,opa,1,1,opa_allowed_at_gate,60.52048737183213,2302,2303,2304,2304,valid
xair_atomic,readset,1,0,read_set_version_changed_at_commit,62.52117874100804,2305,2306,2307,2307,valid
xair_atomic,readset,1,0,read_set_version_changed_at_commit,63.55571886524558,2308,2309,2310,2310,valid
opa,opa,0,1,opa_allowed_at_gate,59.91748673841357,2311,,,2311,control
xair,predicate,1,1,published_after_gate_recheck,65.26336167007685,2312,2313,2314,2314,valid
opa,opa,1,1,opa_allowed_at_gate,59.9783412180841,2315,2316,2317,2317,valid
xair_atomic,readset,1,0,read_set_version_changed_at_commit,63.36832791566849,2318,2319,2320,2320,valid
opa,opa,1,1,opa_allowed_at_gate,61.720937956124544,2321,2322,2323,2323,valid
xair,truth,0,1,published_after_gate_recheck,65.81341288983822,2324,,,2324,control
xair_atomic,truth,1,0,predicate_truth_changed_at_commit,62.59072991088033,2325,2326,2327,2327,valid
xair_atomic,readset,1,0,read_set_version_changed_at_commit,61.917677987366915,2328,2329,2330,2330,valid
xair,truth,1,0,predicate_truth_changed_at_gate,65.4204860329628,2331,2332,2333,2333,valid
xair_atomic,truth,1,0,predicate_truth_changed_at_commit,62.2779238037765,2334,2335,2336,2336,valid
xair_atomic,readset,1,0,read_set_version_changed_at_commit,62.82339617609978,2337,2338,2339,2339,valid
xair,readset,1,0,read_set_version_changed_at_gate,65.49041671678424,2340,2341,2342,2342,valid
xair,truth,0,1,published_after_gate_recheck,65.5971267260611,2343,,,2343,control
xair,predicate,1,1,published_after_gate_recheck,65.3494130820036,2344,2345,2346,2346,valid
opa,opa,1,1,opa_allowed_at_gate,59.30513795465231,2347,2348,2349,2349,valid
xair_atomic,truth,1,0,predicate_truth_changed_at_commit,62.87073390558362,2350,2351,2352,2352,valid
xair_atomic,truth,1,0,predicate_truth_changed_at_commit,63.035364262759686,2353,2354,2355,2355,valid
xair,predicate,1,1,published_after_gate_recheck,65.1606977917254,2356,2357,2358,2358,valid
xair,predicate,1,1,published_after_gate_recheck,65.48814196139574,2359,2360,2361,2361,valid
xair,truth,1,0,predicate_truth_changed_at_gate,66.47523399442434,2362,2363,2364,2364,valid
xair,predicate,1,1,published_after_gate_recheck,65.64203090965748,2365,2366,2367,2367,valid
opa,opa_readset,0,1,opa_allowed_at_gate,59.73525485023856,2368,,,2368,control
xair,readset,0,1,published_after_gate_recheck,66.00698595866561,2369,,,2369,control
xair,predicate,1,1,published_after_gate_recheck,65.70497993379831,2370,2371,2372,2372,valid
xair,readset,0,1,published_after_gate_recheck,64.74826484918594,2373,,,2373,control
xair,predicate,1,1,published_after_gate_recheck,64.47122618556023,2374,2375,2376,2376,valid
xair_atomic,truth,0,1,authorization_committed,61.588289216160774,2377,,,2377,control
xair,truth,0,1,published_after_gate_recheck,65.16596907749772,2378,,,2378,control
opa,opa,0,1,opa_allowed_at_gate,61.382093001157045,2379,,,2379,control
xair,predicate,1,1,published_after_gate_recheck,65.92791806906462,2380,2381,2382,2382,valid
xair_atomic,truth,0,1,authorization_committed,63.251728657633066,2383,,,2383,control
xair_atomic,readset,1,0,read_set_version_changed_at_commit,62.53413390368223,2384,2385,2386,2386,valid
opa,opa,0,1,opa_allowed_at_gate,59.86063973978162,2387,,,2387,control
xair_atomic,readset,1,0,read_set_version_changed_at_commit,62.557626981288195,2388,2389,2390,2390,valid
opa,opa,0,1,opa_allowed_at_gate,59.55425603315234,2391,,,2391,control
xair,readset,1,0,read_set_version_changed_at_gate,66.03094097226858,2392,2393,2394,2394,valid
xair,readset,1,0,read_set_version_changed_at_gate,65.23090973496437,2395,2396,2397,2397,valid
opa,opa,1,1,opa_allowed_at_gate,60.29955297708511,2398,2399,2400,2400,valid
xair,truth,1,0,predicate_truth_changed_at_gate,65.12609403580427,2401,2402,2403,2403,valid
xair,readset,1,0,read_set_version_changed_at_gate,65.6015956774354,2404,2405,2406,2406,valid
xair,truth,1,0,predicate_truth_changed_at_gate,65.79845491796732,2407,2408,2409,2409,valid
opa,opa,1,1,opa_allowed_at_gate,60.372188687324524,2410,2411,2412,2412,valid
xair,predicate,0,1,published_after_gate_recheck,65.53498096764088,2413,,,2413,control
xair,predicate,0,1,published_after_gate_recheck,65.17045805230737,2414,,,2414,control
opa,opa_readset,1,0,opa_readset_version_changed_at_gate,61.32662855088711,2415,2416,2417,2417,valid
xair_atomic,readset,1,0,read_set_version_changed_at_commit,63.309487886726856,2418,2419,2420,2420,valid
xair_atomic,truth,1,0,predicate_truth_changed_at_commit,64.1721747815609,2421,2422,2423,2423,valid
xair,readset,1,0,read_set_version_changed_at_gate,66.12462596967816,2424,2425,2426,2426,valid
xair,truth,1,0,predicate_truth_changed_at_gate,64.87268907949328,2427,2428,2429,2429,valid
xair_atomic,readset,1,0,read_set_version_changed_at_commit,62.03378504142165,2430,2431,2432,2432,valid
opa,opa,1,1,opa_allowed_at_gate,59.12423925474286,2433,2434,2435,2435,valid
opa,opa,1,1,opa_allowed_at_gate,59.97924180701375,2436,2437,2438,2438,valid
xair,predicate,1,1,published_after_gate_recheck,65.75809931382537,2439,2440,2441,2441,valid
opa,opa_readset,1,0,opa_readset_version_changed_at_gate,59.721909929066896,2442,2443,2444,2444,valid
opa,opa,1,1,opa_allowed_at_gate,59.741797391325235,2445,2446,2447,2447,valid
xair,predicate,0,1,published_after_gate_recheck,65.5906549654901,2448,,,2448,control
xair,readset,0,1,published_after_gate_recheck,65.59875002130866,2449,,,2449,control
opa,opa,1,1,opa_allowed_at_gate,59.85011998564005,2450,2451,2452,2452,valid
xair,readset,1,0,read_set_version_changed_at_gate,69.89428540691733,2453,2454,2455,2455,valid
opa,opa_readset,1,0,opa_readset_version_changed_at_gate,61.01853074505925,2456,2457,2458,2458,valid
opa,opa_readset,1,0,opa_readset_version_changed_at_gate,59.95139013975859,2459,2460,2461,2461,valid
xair,predicate,0,1,published_after_gate_recheck,66.4876070804894,2462,,,2462,control
xair,readset,1,0,read_set_version_changed_at_gate,66.85925414785743,2463,2464,2465,2465,valid
opa,opa_readset,1,0,opa_readset_version_changed_at_gate,60.996650252491236,2466,2467,2468,2468,valid
xair_atomic,readset,1,0,read_set_version_changed_at_commit,62.69273115321994,2469,2470,2471,2471,valid
xair,predicate,1,1,published_after_gate_recheck,66.28444697707891,2472,2473,2474,2474,valid
xair,readset,0,1,published_after_gate_recheck,65.8334600739181,2475,,,2475,control
xair,predicate,0,1,published_after_gate_recheck,67.55651207640767,2476,,,2476,control
xair,truth,1,0,predicate_truth_changed_at_gate,66.56138598918915,2477,2478,2479,2479,valid
xair_atomic,readset,1,0,read_set_version_changed_at_commit,62.94570490717888,2480,2481,2482,2482,valid
xair,readset,1,0,read_set_version_changed_at_gate,66.968047991395,2483,2484,2485,2485,valid
xair_atomic,readset,1,0,read_set_version_changed_at_commit,62.12243111804128,2486,2487,2488,2488,valid
xair_atomic,truth,1,0,predicate_truth_changed_at_commit,62.99192225560546,2489,2490,2491,2491,valid
opa,opa_readset,1,0,opa_readset_version_changed_at_gate,60.48524100333452,2492,2493,2494,2494,valid
xair,predicate,1,1,published_after_gate_recheck,65.15355501323938,2495,2496,2497,2497,valid
opa,opa_readset,1,0,opa_readset_version_changed_at_gate,60.689084231853485,2498,2499,2500,2500,valid
opa,opa_readset,1,0,opa_readset_version_changed_at_gate,59.90548385307193,2501,2502,2503,2503,valid
xair,predicate,1,1,published_after_gate_recheck,66.08874909579754,2504,2505,2506,2506,valid
xair_atomic,truth,0,1,authorization_committed,63.04071331396699,2507,,,2507,control
xair_atomic,readset,0,1,authorization_committed,64.0960019081831,2508,,,2508,control
opa,opa_readset,1,0,opa_readset_version_changed_at_gate,60.7407009229064,2509,2510,2511,2511,valid
opa,opa_readset,1,0,opa_readset_version_changed_at_gate,60.044254176318645,2512,2513,2514,2514,valid
opa,opa_readset,1,0,opa_readset_version_changed_at_gate,60.0732178427279,2515,2516,2517,2517,valid
opa,opa_readset,0,1,opa_allowed_at_gate,60.048863757401705,2518,,,2518,control
opa,opa,1,1,opa_allowed_at_gate,60.55620405822992,2519,2520,2521,2521,valid
opa,opa_readset,1,0,opa_readset_version_changed_at_gate,60.88279699906707,2522,2523,2524,2524,valid
opa,opa,1,1,opa_allowed_at_gate,61.525763012468815,2525,2526,2527,2527,valid
xair_atomic,readset,1,0,read_set_version_changed_at_commit,64.69908403232694,2528,2529,2530,2530,valid
xair,truth,1,0,predicate_truth_changed_at_gate,66.03356497362256,2531,2532,2533,2533,valid
xair,readset,0,1,published_after_gate_recheck,66.36974588036537,2534,,,2534,control
opa,opa_readset,1,0,opa_readset_version_changed_at_gate,60.78927079215646,2535,2536,2537,2537,valid
opa,opa_readset,1,0,opa_readset_version_changed_at_gate,59.86651126295328,2538,2539,2540,2540,valid
xair,readset,1,0,read_set_version_changed_at_gate,65.06008980795741,2541,2542,2543,2543,valid
xair_atomic,truth,1,0,predicate_truth_changed_at_commit,62.60739080607891,2544,2545,2546,2546,valid
xair_atomic,truth,0,1,authorization_committed,62.706125900149345,2547,,,2547,control
opa,opa_readset,0,1,opa_allowed_at_gate,61.246057972311974,2548,,,2548,control
xair,truth,1,0,predicate_truth_changed_at_gate,65.79837528988719,2549,2550,2551,2551,valid
opa,opa_readset,1,0,opa_readset_version_changed_at_gate,60.352842789143324,2552,2553,2554,2554,valid
xair,truth,0,1,published_after_gate_recheck,66.30439311265945,2555,,,2555,control
xair_atomic,readset,0,1,authorization_committed,63.494473695755005,2556,,,2556,control
xair_atomic,readset,0,1,authorization_committed,62.49831710010767,2557,,,2557,control
xair,truth,1,0,predicate_truth_changed_at_gate,66.09616288915277,2558,2559,2560,2560,valid
xair,predicate,1,1,published_after_gate_recheck,67.68638594076037,2561,2562,2563,2563,valid
xair,predicate,1,1,published_after_gate_recheck,68.0842213332653,2564,2565,2566,2566,valid
xair,readset,1,0,read_set_version_changed_at_gate,67.15117115527391,2567,2568,2569,2569,valid
xair,predicate,0,1,published_after_gate_recheck,65.31553016975522,2570,,,2570,control
xair_atomic,readset,0,1,authorization_committed,63.23501793667674,2571,,,2571,control
xair,truth,1,0,predicate_truth_changed_at_gate,65.60391001403332,2572,2573,2574,2574,valid
xair,predicate,1,1,published_after_gate_recheck,65.61972992494702,2575,2576,2577,2577,valid
xair_atomic,readset,1,0,read_set_version_changed_at_commit,63.49649792537093,2578,2579,2580,2580,valid
xair,predicate,1,1,published_after_gate_recheck,65.19114598631859,2581,2582,2583,2583,valid
xair,predicate,0,1,published_after_gate_recheck,64.8182868026197,2584,,,2584,control
opa,opa_readset,1,0,opa_readset_version_changed_at_gate,60.46146713197231,2585,2586,2587,2587,valid
xair,predicate,1,1,published_after_gate_recheck,65.35768881440163,2588,2589,2590,2590,valid
xair_atomic,truth,1,0,predicate_truth_changed_at_commit,62.994807958602905,2591,2592,2593,2593,valid
opa,opa_readset,1,0,opa_readset_version_changed_at_gate,61.52837770059705,2594,2595,2596,2596,valid
xair,predicate,1,1,published_after_gate_recheck,65.48503786325455,2597,2598,2599,2599,valid
xair,truth,1,0,predicate_truth_changed_at_gate,65.86484936997294,2600,2601,2602,2602,valid
xair_atomic,truth,1,0,predicate_truth_changed_at_commit,65.11369114741683,2603,2604,2605,2605,valid
xair_atomic,readset,1,0,read_set_version_changed_at_commit,63.65048699080944,2606,2607,2608,2608,valid
opa,opa_readset,1,0,opa_readset_version_changed_at_gate,60.11618999764323,2609,2610,2611,2611,valid
opa,opa,0,1,opa_allowed_at_gate,58.84359311312437,2612,,,2612,control
xair,truth,0,1,published_after_gate_recheck,64.76684985682368,2613,,,2613,control
opa,opa_readset,0,1,opa_allowed_at_gate,59.220290277153254,2614,,,2614,control
opa,opa,0,1,opa_allowed_at_gate,60.76779076829553,2615,,,2615,control
xair,truth,1,0,predicate_truth_changed_at_gate,66.12543808296323,2616,2617,2618,2618,valid
opa,opa,1,1,opa_allowed_at_gate,60.94790901988745,2619,2620,2621,2621,valid
xair_atomic,truth,1,0,predicate_truth_changed_at_commit,63.208097126334906,2622,2623,2624,2624,valid
xair_atomic,truth,1,0,predicate_truth_changed_at_commit,64.78452356532216,2625,2626,2627,2627,valid
xair_atomic,truth,1,0,predicate_truth_changed_at_commit,62.76593776419759,2628,2629,2630,2630,valid
xair_atomic,readset,1,0,read_set_version_changed_at_commit,62.20777193084359,2631,2632,2633,2633,valid
xair,truth,1,0,predicate_truth_changed_at_gate,67.932547070086,2634,2635,2636,2636,valid
opa,opa_readset,0,1,opa_allowed_at_gate,61.27191614359617,2637,,,2637,control
xair,readset,0,1,published_after_gate_recheck,65.65538607537746,2638,,,2638,control
xair_atomic,truth,1,0,predicate_truth_changed_at_commit,63.01930267363787,2639,2640,2641,2641,valid
opa,opa,0,1,opa_allowed_at_gate,61.08109885826707,2642,,,2642,control
xair,readset,1,0,read_set_version_changed_at_gate,65.39079127833247,2643,2644,2645,2645,valid
xair_atomic,truth,1,0,predicate_truth_changed_at_commit,62.26795492693782,2646,2647,2648,2648,valid
opa,opa_readset,0,1,opa_allowed_at_gate,60.49894727766514,2649,,,2649,control
opa,opa_readset,1,0,opa_readset_version_changed_at_gate,60.042360331863165,2650,2651,2652,2652,valid
xair_atomic,readset,0,1,authorization_committed,62.15854920446873,2653,,,2653,control
xair_atomic,truth,0,1,authorization_committed,62.46017478406429,2654,,,2654,control
opa,opa_readset,1,0,opa_readset_version_changed_at_gate,59.751725755631924,2655,2656,2657,2657,valid
opa,opa,1,1,opa_allowed_at_gate,63.14175296574831,2658,2659,2660,2660,valid
opa,opa,0,1,opa_allowed_at_gate,59.725476894527674,2661,,,2661,control
xair,predicate,1,1,published_after_gate_recheck,65.2641816996038,2662,2663,2664,2664,valid
xair_atomic,readset,0,1,authorization_committed,62.29923292994499,2665,,,2665,control
xair,readset,1,0,read_set_version_changed_at_gate,65.38173276931047,2666,2667,2668,2668,valid
xair,readset,1,0,read_set_version_changed_at_gate,66.49875780567527,2669,2670,2671,2671,valid
opa,opa,1,1,opa_allowed_at_gate,60.19412586465478,2672,2673,2674,2674,valid
xair_atomic,truth,1,0,predicate_truth_changed_at_commit,62.672863714396954,2675,2676,2677,2677,valid
xair,truth,1,0,predicate_truth_changed_at_gate,65.70747401565313,2678,2679,2680,2680,valid
xair,readset,1,0,read_set_version_changed_at_gate,65.92714600265026,2681,2682,2683,2683,valid
xair_atomic,truth,1,0,predicate_truth_changed_at_commit,63.27323894947767,2684,2685,2686,2686,valid
xair,readset,1,0,read_set_version_changed_at_gate,64.69282088801265,2687,2688,2689,2689,valid
xair,truth,1,0,predicate_truth_changed_at_gate,65.42906165122986,2690,2691,2692,2692,valid
xair,predicate,1,1,published_after_gate_recheck,66.21157936751842,2693,2694,2695,2695,valid
xair_atomic,truth,1,0,predicate_truth_changed_at_commit,62.260680831968784,2696,2697,2698,2698,valid
xair_atomic,truth,1,0,predicate_truth_changed_at_commit,62.738296110183,2699,2700,2701,2701,valid
xair_atomic,readset,1,0,read_set_version_changed_at_commit,62.296236865222454,2702,2703,2704,2704,valid
xair,truth,1,0,predicate_truth_changed_at_gate,64.92039794102311,2705,2706,2707,2707,valid
xair,truth,1,0,predicate_truth_changed_at_gate,65.5269050039351,2708,2709,2710,2710,valid
xair_atomic,readset,1,0,read_set_version_changed_at_commit,62.90410691872239,2711,2712,2713,2713,valid
xair_atomic,truth,0,1,authorization_committed,62.974629923701286,2714,,,2714,control
xair_atomic,truth,1,0,predicate_truth_changed_at_commit,62.57470929995179,2715,2716,2717,2717,valid
xair,predicate,0,1,published_after_gate_recheck,64.6374267525971,2718,,,2718,control
opa,opa,1,1,opa_allowed_at_gate,61.79807288572192,2719,2720,2721,2721,valid
xair,predicate,1,1,published_after_gate_recheck,64.61516581475735,2722,2723,2724,2724,valid
xair,predicate,0,1,published_after_gate_recheck,65.23628998547792,2725,,,2725,control
opa,opa,1,1,opa_allowed_at_gate,60.19284296780825,2726,2727,2728,2728,valid
opa,opa,1,1,opa_allowed_at_gate,61.06142234057188,2729,2730,2731,2731,valid
opa,opa_readset,0,1,opa_allowed_at_gate,59.9317941814661,2732,,,2732,control
opa,opa,0,1,opa_allowed_at_gate,58.90825483947992,2733,,,2733,control
opa,opa_readset,1,0,opa_readset_version_changed_at_gate,60.41798600926995,2734,2735,2736,2736,valid
xair_atomic,readset,1,0,read_set_version_changed_at_commit,62.31311894953251,2737,2738,2739,2739,valid
xair,predicate,1,1,published_after_gate_recheck,65.98813086748123,2740,2741,2742,2742,valid
xair,predicate,0,1,published_after_gate_recheck,65.57909306138754,2743,,,2743,control
xair,predicate,0,1,published_after_gate_recheck,65.89277181774378,2744,,,2744,control
xair_atomic,readset,0,1,authorization_committed,61.91827869042754,2745,,,2745,control
xair_atomic,truth,1,0,predicate_truth_changed_at_commit,62.4651750549674,2746,2747,2748,2748,valid
opa,opa_readset,0,1,opa_allowed_at_gate,60.41376804932952,2749,,,2749,control
xair,truth,1,0,predicate_truth_changed_at_gate,65.44162565842271,2750,2751,2752,2752,valid
xair_atomic,readset,1,0,read_set_version_changed_at_commit,62.593924812972546,2753,2754,2755,2755,valid
xair_atomic,readset,1,0,read_set_version_changed_at_commit,66.39148714020848,2756,2757,2758,2758,valid
xair_atomic,readset,1,0,read_set_version_changed_at_commit,62.85009579733014,2759,2760,2761,2761,valid
xair_atomic,readset,1,0,read_set_version_changed_at_commit,61.78243411704898,2762,2763,2764,2764,valid
xair,predicate,1,1,published_after_gate_recheck,65.1874989271164,2765,2766,2767,2767,valid
